{
    "event_id": "619901",
    "iso date": "2020-09-27",
    "meeting number": "M13",
    "meeting place": "Moe Races (Vic)",
    "race number": 2,
    "track": "Moe",
    "weather": "Fine",
    "event time": "Monday 03.30AM",
    "event name": "Moe Races (Vic)",
    "distance": 1217.0,
    "group": [
        {
            "silk": "https://static.tab.co.nz/silks/Raci-37-41-C320E3AB3EAE5AEC8723BCB47B974EAA.png",
            "form": "4",
            "index": 11,
            "name": "Paparazzi Queen",
            "barrier": "7",
            "jockey": "Teodore Nugent",
            "jockey weight": "55",
            "trainer": "Maher/Eustace",
            "indicative odds": 8.5
        },
        {
            "silk": "https://static.tab.co.nz/silks/Raci-37-41-6664A397C85E53C3883FE0FF9E4C5B32.png",
            "form": "538X7",
            "index": 12,
            "name": "Mount Santubong",
            "barrier": "8",
            "jockey": "Laura Lafferty",
            "jockey weight": "59.5",
            "trainer": "Colin Butcher",
            "indicative odds": 76.8
        },
        {
            "silk": "https://static.tab.co.nz/silks/Raci-37-41-53C27B613EE72EC273EFCDC629474667.png",
            "form": "",
            "index": 1,
            "name": "Every Hanza Winner",
            "barrier": "9",
            "jockey": "Harry Grace",
            "jockey weight": "59.5",
            "trainer": "Rod Grantley",
            "indicative odds": 0.0
        },
        {
            "silk": "https://static.tab.co.nz/silks/Raci-37-41-25C81423A380D9D741D632FB7ECF1DC8.png",
            "form": "38X",
            "index": 7,
            "name": "Speed Cube",
            "barrier": "9",
            "jockey": "Jason Benbow",
            "jockey weight": "57.5",
            "trainer": "Janet Taylor",
            "indicative odds": 23.5
        },
        {
            "silk": "https://static.tab.co.nz/silks/Raci-37-41-1F5C485718BEB0388E0F72981051FD07.png",
            "form": "2326X",
            "index": 6,
            "name": "Missallure",
            "barrier": "2",
            "jockey": "Daniel Stackhouse",
            "jockey weight": "57.5",
            "trainer": "Phillip Stokes",
            "indicative odds": 5.9
        },
        {
            "silk": "https://static.tab.co.nz/silks/Raci-37-41-1CC14D00550E5E6C05120A2EA74C11E3.png",
            "form": "0X6",
            "index": 16,
            "name": "Seneca Falls",
            "barrier": "14",
            "jockey": "-",
            "jockey weight": "57.5",
            "trainer": "Michael Kent",
            "indicative odds": 0.0
        },
        {
            "silk": "https://static.tab.co.nz/silks/Raci-37-41-8E052020A82EC17E929B2DF426E9ED06.png",
            "form": "08X30",
            "index": 13,
            "name": "Lord Almighty",
            "barrier": "6",
            "jockey": "Brian Park",
            "jockey weight": "59.5",
            "trainer": "John Pascoe",
            "indicative odds": 37.3
        },
        {
            "silk": "https://static.tab.co.nz/silks/Raci-37-41-2DE04CEBB8B46E3AB74C5B6998CCB92F.png",
            "form": "",
            "index": 8,
            "name": "Savagery",
            "barrier": "7",
            "jockey": "Craig Newitt",
            "jockey weight": "57",
            "trainer": "Chris Waller",
            "indicative odds": 0.0
        },
        {
            "silk": "https://static.tab.co.nz/silks/Raci-37-41-392177BAD4253362383B69057DBAA964.png",
            "form": "",
            "index": 9,
            "name": "Toomuchtobear",
            "barrier": "3",
            "jockey": "Damian Lane",
            "jockey weight": "57",
            "trainer": "Chris Waller",
            "indicative odds": 6.3
        },
        {
            "silk": "https://static.tab.co.nz/silks/Raci-37-41-0B3DDF3140D10E82CA508EDBEF897A8A.png",
            "form": "",
            "index": 10,
            "name": "Harper Rose",
            "barrier": "6",
            "jockey": "Celine Gaudray",
            "jockey weight": "55",
            "trainer": "J & C Meagher",
            "indicative odds": 0.0
        },
        {
            "silk": "https://static.tab.co.nz/silks/Raci-37-41-C92202FC67DA4460B0E5D319D234AAE3.png",
            "form": "35824",
            "index": 2,
            "name": "Forever Loud",
            "barrier": "5",
            "jockey": "Joe Bowditch",
            "jockey weight": "59.5",
            "trainer": "Dianne Clover",
            "indicative odds": 12.5
        },
        {
            "silk": "https://static.tab.co.nz/silks/Raci-37-41-BFBD30411E8859B96B7252D8DA5B5D5A.png",
            "form": "44562",
            "index": 4,
            "name": "Stirrup",
            "barrier": "10",
            "jockey": "Ben Allen",
            "jockey weight": "59.5",
            "trainer": "Mark Stephenson",
            "indicative odds": 15.0
        },
        {
            "silk": "https://static.tab.co.nz/silks/Raci-37-41-69E8F71BFB7A92E2A0210645B39F9722.png",
            "form": "96",
            "index": 17,
            "name": "Marvellous May",
            "barrier": "1",
            "jockey": "Brian Higgins",
            "jockey weight": "57.5",
            "trainer": "Michael Templeton",
            "indicative odds": 37.7
        },
        {
            "silk": "https://static.tab.co.nz/silks/Raci-37-41-099C06009F05BCAD6360FF430E388136.png",
            "form": "7",
            "index": 15,
            "name": "Kookaburra",
            "barrier": "15",
            "jockey": "-",
            "jockey weight": "57.5",
            "trainer": "Shane Nichols",
            "indicative odds": 0.0
        },
        {
            "silk": "https://static.tab.co.nz/silks/Raci-37-41-F6B39D1004B2A14F1E239BAAA10209C3.png",
            "form": "400X0",
            "index": 14,
            "name": "Chalk Talk",
            "barrier": "11",
            "jockey": "Kate Walters",
            "jockey weight": "57.5",
            "trainer": "Wayne Walters",
            "indicative odds": 39.8
        },
        {
            "silk": "https://static.tab.co.nz/silks/Raci-37-41-7F57C2AE60C963FAAF510C85B764BCB7.png",
            "form": "28",
            "index": 5,
            "name": "Grandma Gail",
            "barrier": "8",
            "jockey": "Jake Noonan",
            "jockey weight": "57.5",
            "trainer": "Jamie Edwards",
            "indicative odds": 0.0
        },
        {
            "silk": "https://static.tab.co.nz/silks/Raci-37-41-17C34F096E5A23E66B7A0BAD300EC002.png",
            "form": "32",
            "index": 3,
            "name": "Love Broker",
            "barrier": "4",
            "jockey": "Noel Callow",
            "jockey weight": "59.5",
            "trainer": "Greg Eurell",
            "indicative odds": 2.2
        }
    ]
}