{
    "event_id": "619905",
    "iso date": "2020-09-27",
    "meeting number": "M13",
    "meeting place": "Moe Races (Vic)",
    "race number": 6,
    "track": "Moe",
    "weather": "Fine",
    "event time": "Monday 05.30AM",
    "event name": "Moe Races (Vic)",
    "distance": 1017.0,
    "group": [
        {
            "silk": "https://static.tab.co.nz/silks/Raci-37-41-A5570A3DF2C792ECE9980F1C5BB509C0.png",
            "form": "122X7",
            "index": 2,
            "name": "Black Opal",
            "barrier": "8",
            "jockey": "Tayla Childs",
            "jockey weight": "61.5",
            "trainer": "John Moloney",
            "indicative odds": 5.7
        },
        {
            "silk": "https://static.tab.co.nz/silks/Raci-37-41-FB79571CFA1DB2B8EBEB9DDC0FB4206B.png",
            "form": "1369X",
            "index": 9,
            "name": "Phyla Vell",
            "barrier": "3",
            "jockey": "Emily Brown",
            "jockey weight": "58.5",
            "trainer": "John Price",
            "indicative odds": 0.0
        },
        {
            "silk": "https://static.tab.co.nz/silks/Raci-37-41-1366AE6C9E75B540F25746B0B98D3EBC.png",
            "form": "X5288",
            "index": 7,
            "name": "Ling Ling",
            "barrier": "4",
            "jockey": "Sally Wynne",
            "jockey weight": "59",
            "trainer": "Sally Wynne",
            "indicative odds": 7.5
        },
        {
            "silk": "https://static.tab.co.nz/silks/Raci-37-41-822A3D3FB4394D8D16CB5CEA84B875EF.png",
            "form": "2377X",
            "index": 5,
            "name": "Rushford",
            "barrier": "9",
            "jockey": "Brian Werner",
            "jockey weight": "59.5",
            "trainer": "Paul Kramer",
            "indicative odds": 13.3
        },
        {
            "silk": "https://static.tab.co.nz/silks/Raci-37-41-44AB35B20C7D9DD14DB64FE4FFF460DA.png",
            "form": "4265X",
            "index": 14,
            "name": "Leggero",
            "barrier": "5",
            "jockey": "-",
            "jockey weight": "58.5",
            "trainer": "Patrick Caboche",
            "indicative odds": 0.0
        },
        {
            "silk": "https://static.tab.co.nz/silks/Raci-37-41-494459A0E51A7EC04BA91A3E756BF17B.png",
            "form": "24X90",
            "index": 13,
            "name": "Little Red Rooster",
            "barrier": "1",
            "jockey": "-",
            "jockey weight": "56",
            "trainer": "Reg Manning",
            "indicative odds": 0.0
        },
        {
            "silk": "https://static.tab.co.nz/silks/Raci-37-41-25CA21C8B4D523B4F6DFF4A3A0EA91A9.png",
            "form": "8779X",
            "index": 12,
            "name": "Cop This",
            "barrier": "5",
            "jockey": "Carleen Hefel",
            "jockey weight": "56",
            "trainer": "Mario Farrugia",
            "indicative odds": 53.6
        },
        {
            "silk": "https://static.tab.co.nz/silks/Raci-37-41-59F03A6ECDC3F73A194153584FA456AB.png",
            "form": "95X9X",
            "index": 11,
            "name": "Magnetic Rose",
            "barrier": "4",
            "jockey": "-",
            "jockey weight": "56",
            "trainer": "Rachael Frost",
            "indicative odds": 0.0
        },
        {
            "silk": "https://static.tab.co.nz/silks/Raci-37-41-D9635BE780D4B1F6A9A0BEDFAACF6804.png",
            "form": "19",
            "index": 10,
            "name": "Spangirl",
            "barrier": "6",
            "jockey": "Jack Hill",
            "jockey weight": "57.5",
            "trainer": "Price/Kent (Jnr)",
            "indicative odds": 4.8
        },
        {
            "silk": "https://static.tab.co.nz/silks/Raci-37-41-E510A49ACFDB7E4B478CEAD926F1703C.png",
            "form": "218X8",
            "index": 8,
            "name": "Roanoke Rhonda",
            "barrier": "2",
            "jockey": "Alana Kelly",
            "jockey weight": "59",
            "trainer": "Kelvin Bourke",
            "indicative odds": 17.9
        },
        {
            "silk": "https://static.tab.co.nz/silks/Raci-37-41-54B5110740922E764CDFB7F200BC768C.png",
            "form": "527X9",
            "index": 6,
            "name": "Ultra Smart",
            "barrier": "3",
            "jockey": "Noel Callow",
            "jockey weight": "59.5",
            "trainer": "Robbie Griffiths",
            "indicative odds": 10.1
        },
        {
            "silk": "https://static.tab.co.nz/silks/Raci-37-41-38F855A4AB7210804A2CA3CBF6085D31.png",
            "form": "18921",
            "index": 4,
            "name": "Rubyanna Jane",
            "barrier": "1",
            "jockey": "Michael Carson",
            "jockey weight": "60",
            "trainer": "Gary Carson",
            "indicative odds": 4.4
        },
        {
            "silk": "https://static.tab.co.nz/silks/Raci-37-41-E8D3E94AC491168B54C29658A326D707.png",
            "form": "43163",
            "index": 3,
            "name": "Steel Choice",
            "barrier": "10",
            "jockey": "Clayton Douglas",
            "jockey weight": "61.5",
            "trainer": "Logan McGill",
            "indicative odds": 8.0
        },
        {
            "silk": "https://static.tab.co.nz/silks/Raci-37-41-D09F00512B4C971FB51844DAC6BB74ED.png",
            "form": "5247X",
            "index": 1,
            "name": "Mandragorian",
            "barrier": "7",
            "jockey": "Nathan Punch",
            "jockey weight": "62.5",
            "trainer": "Adam McCabe",
            "indicative odds": 16.9
        }
    ]
}