{
    "event_id": "619904",
    "iso date": "2020-09-27",
    "meeting number": "M13",
    "meeting place": "Moe Races (Vic)",
    "race number": 5,
    "track": "Moe",
    "weather": "Fine",
    "event time": "Monday 05.00AM",
    "event name": "Moe Races (Vic)",
    "distance": 1017.0,
    "group": [
        {
            "silk": "https://static.tab.co.nz/silks/Raci-37-41-A483794C98414A13254AA11F23A35830.png",
            "form": "55543",
            "index": 11,
            "name": "Who Shot Who",
            "barrier": "10",
            "jockey": "Michael Carson",
            "jockey weight": "56.5",
            "trainer": "Bryce Stanaway",
            "indicative odds": 12.1
        },
        {
            "silk": "https://static.tab.co.nz/silks/Raci-37-41-822A3D3FB4394D8D16CB5CEA84B875EF.png",
            "form": "4276X",
            "index": 2,
            "name": "Locko",
            "barrier": "4",
            "jockey": "Brian Werner",
            "jockey weight": "61.5",
            "trainer": "Paul Kramer",
            "indicative odds": 9.4
        },
        {
            "silk": "https://static.tab.co.nz/silks/Raci-37-41-2D03EF23B32BF5AA38DDAED9F5772912.png",
            "form": "23637",
            "index": 6,
            "name": "Izzy Good",
            "barrier": "7",
            "jockey": "Mitchell Aitken",
            "jockey weight": "59",
            "trainer": "Mick Bell",
            "indicative odds": 7.3
        },
        {
            "silk": "https://static.tab.co.nz/silks/Raci-37-41-1DC4EB30A7A9A2D67F938975AA239EF9.png",
            "form": "0009X",
            "index": 13,
            "name": "Moss And Me",
            "barrier": "8",
            "jockey": "Yoko Ota",
            "jockey weight": "56",
            "trainer": "Mervyn Moser",
            "indicative odds": 67.5
        },
        {
            "silk": "https://static.tab.co.nz/silks/Raci-37-41-58DF26EE5D4FB7D7BC901211BBA7F7E3.png",
            "form": "08800",
            "index": 12,
            "name": "Squibbly Dibbly",
            "barrier": "6",
            "jockey": "Alana Kelly",
            "jockey weight": "56",
            "trainer": "Ray Caldwell",
            "indicative odds": 0.0
        },
        {
            "silk": "https://static.tab.co.nz/silks/Raci-37-41-5BA7D37535F1C7A2C1FDAA774117EBDF.png",
            "form": "8080X",
            "index": 10,
            "name": "Solitary Tramp",
            "barrier": "1",
            "jockey": "Carleen Hefel",
            "jockey weight": "56",
            "trainer": "Lenny Xuereb",
            "indicative odds": 16.3
        },
        {
            "silk": "https://static.tab.co.nz/silks/Raci-37-41-5EB45B8331DA2CBA1C88242EA54B2E6A.png",
            "form": "08736",
            "index": 9,
            "name": "Prussian Dream",
            "barrier": "1",
            "jockey": "Michael Walker",
            "jockey weight": "58",
            "trainer": "Peter White",
            "indicative odds": 0.0
        },
        {
            "silk": "https://static.tab.co.nz/silks/Raci-37-41-B96B63189FD196F8D384C218863D6677.png",
            "form": "93375",
            "index": 8,
            "name": "Helvetian",
            "barrier": "2",
            "jockey": "Brad Rawiller",
            "jockey weight": "58.5",
            "trainer": "Charles Cassar",
            "indicative odds": 7.8
        },
        {
            "silk": "https://static.tab.co.nz/silks/Raci-37-41-97CFAD2EBD25656F0AB0CB95F8CE7591.png",
            "form": "16X50",
            "index": 7,
            "name": "Lots Of Puddles",
            "barrier": "5",
            "jockey": "Brian Park",
            "jockey weight": "59",
            "trainer": "Alexander Rae",
            "indicative odds": 9.7
        },
        {
            "silk": "https://static.tab.co.nz/silks/Raci-37-41-20FF98C8C00FC7E042A31E5E1DCF8ABC.png",
            "form": "2294X",
            "index": 5,
            "name": "Preliminaires",
            "barrier": "3",
            "jockey": "Billy Egan",
            "jockey weight": "59.5",
            "trainer": "Lisa Jones",
            "indicative odds": 5.5
        },
        {
            "silk": "https://static.tab.co.nz/silks/Raci-37-41-AC0D0663EBF1B481A14015863EFE8EB7.png",
            "form": "80447",
            "index": 4,
            "name": "Shotgun Rosie",
            "barrier": "9",
            "jockey": "Craig Newitt",
            "jockey weight": "60",
            "trainer": "Luke Oliver",
            "indicative odds": 5.8
        },
        {
            "silk": "https://static.tab.co.nz/silks/Raci-37-41-7E8B8E92F708287B86766F9D0FD89891.png",
            "form": "72871",
            "index": 3,
            "name": "Nick'em",
            "barrier": "6",
            "jockey": "Alexandra Bryan",
            "jockey weight": "60",
            "trainer": "Ray Besanko",
            "indicative odds": 5.3
        },
        {
            "silk": "https://static.tab.co.nz/silks/Raci-37-41-9B15E702D18C9EAF20346C9E19308631.png",
            "form": "190X",
            "index": 1,
            "name": "Ponga",
            "barrier": "4",
            "jockey": "Daniel Stackhouse",
            "jockey weight": "62",
            "trainer": "Jason Warren & Dean Krongold",
            "indicative odds": 0.0
        }
    ]
}