{
    "event_id": "618873",
    "iso date": "2020-09-27",
    "meeting number": "M18",
    "meeting place": "Tamworth Races (NSW)",
    "race number": 5,
    "track": "Tamworth",
    "weather": "Fine",
    "event time": "Monday 06.05AM",
    "event name": "Tamworth Races (NSW)",
    "distance": 1200.0,
    "group": [
        {
            "silk": "https://static.tab.co.nz/silks/Raci-37-41-AD7B4146FE810F18360F5A314EEB0C2F.png",
            "form": "X2211",
            "index": 7,
            "name": "Pass the Card",
            "barrier": "7",
            "jockey": "Yvette Lewis",
            "jockey weight": "57.5",
            "trainer": "Sue Grills",
            "indicative odds": 9.2
        },
        {
            "silk": "https://static.tab.co.nz/silks/Raci-37-41-10FA5C930A5C06AA33AC92AB1DF0D707.png",
            "form": "21594",
            "index": 11,
            "name": "Hardyo",
            "barrier": "13",
            "jockey": "Mikayla Weir",
            "jockey weight": "56",
            "trainer": "Jane Clement",
            "indicative odds": 14.0
        },
        {
            "silk": "https://static.tab.co.nz/silks/Raci-37-41-3ADC8423C3E662DE77A016B7E0937FB1.png",
            "form": "96X24",
            "index": 6,
            "name": "My Zebrinka",
            "barrier": "3",
            "jockey": "Andrew Gibbons",
            "jockey weight": "57.5",
            "trainer": "Peter H Bloomfield",
            "indicative odds": 9.7
        },
        {
            "silk": "https://static.tab.co.nz/silks/Raci-37-41-E7B719D9EC1A28EEA650A03D7BF7DB76.png",
            "form": "X0680",
            "index": 15,
            "name": "Class Aplenty",
            "barrier": "1",
            "jockey": null,
            "jockey weight": "55",
            "trainer": "Sally Torrens",
            "indicative odds": 0.0
        },
        {
            "silk": "https://static.tab.co.nz/silks/Raci-37-41-6C4C07D4010A8388B7D096A05DE64F0D.png",
            "form": "8305X",
            "index": 8,
            "name": "Star Alibi",
            "barrier": "9",
            "jockey": "Mitchell Bell",
            "jockey weight": "57.5",
            "trainer": "Jason Deamer",
            "indicative odds": 19.2
        },
        {
            "silk": "https://static.tab.co.nz/silks/Raci-37-41-CAEF8704FBC2D9BFC05B13F6EB72C60D.png",
            "form": "011X2",
            "index": 5,
            "name": "Leave Me Some",
            "barrier": "10",
            "jockey": "Luke Cumberland",
            "jockey weight": "57.5",
            "trainer": "Grant Marshall",
            "indicative odds": 7.4
        },
        {
            "silk": "https://static.tab.co.nz/silks/Raci-37-41-9E04718B64A89B43D0F777F30F09E21F.png",
            "form": "41190",
            "index": 13,
            "name": "New York Nick",
            "barrier": "11",
            "jockey": "Billy Cray",
            "jockey weight": "55.5",
            "trainer": "Paul Perry",
            "indicative odds": 15.3
        },
        {
            "silk": "https://static.tab.co.nz/silks/Raci-37-41-2B0AC7945BD079047886DE7D2BA8F501.png",
            "form": "4444X",
            "index": 12,
            "name": "Know Where To Look",
            "barrier": "1",
            "jockey": "Alysha Collett",
            "jockey weight": "55.5",
            "trainer": "Brett Cavanough",
            "indicative odds": 9.9
        },
        {
            "silk": "https://static.tab.co.nz/silks/Raci-37-41-8008FB7DA796F8ABF8BC800085A1478E.png",
            "form": "9X305",
            "index": 4,
            "name": "Lagarde",
            "barrier": "16",
            "jockey": "Darryl McLellan",
            "jockey weight": "57.5",
            "trainer": "Melanie O'Gorman",
            "indicative odds": 0.0
        },
        {
            "silk": "https://static.tab.co.nz/silks/Raci-37-41-8EA9797BC1B03AF3F956C719F166A95F.png",
            "form": "711X9",
            "index": 1,
            "name": "Brother Bassy",
            "barrier": "5",
            "jockey": "Anthony Cavallo",
            "jockey weight": "60",
            "trainer": "Cameron Crockett",
            "indicative odds": 29.8
        },
        {
            "silk": "https://static.tab.co.nz/silks/Raci-37-41-60CA51BB1FC2D0A872BF418FD1A5ABE2.png",
            "form": "4509X",
            "index": 17,
            "name": "Harry And the Duke",
            "barrier": "4",
            "jockey": "Serg Lisnyy",
            "jockey weight": "55",
            "trainer": "Wendy Platts",
            "indicative odds": 9.3
        },
        {
            "silk": "https://static.tab.co.nz/silks/Raci-37-41-98809CEB6431B4AD0548809700F693C4.png",
            "form": "46753",
            "index": 18,
            "name": "Little Miss Nic",
            "barrier": "10",
            "jockey": null,
            "jockey weight": "55",
            "trainer": "Tim McIntosh",
            "indicative odds": 0.0
        },
        {
            "silk": "https://static.tab.co.nz/silks/Raci-37-41-EEFDFBD040F1957A3885151D48A740D8.png",
            "form": "260X0",
            "index": 16,
            "name": "Zizania",
            "barrier": "12",
            "jockey": "Clayton Gallagher",
            "jockey weight": "55",
            "trainer": "Paul Perry",
            "indicative odds": 41.7
        },
        {
            "silk": "https://static.tab.co.nz/silks/Raci-37-41-E9D34174378297A9042E8E1CFD5C5B45.png",
            "form": "60377",
            "index": 14,
            "name": "Mathematics",
            "barrier": "6",
            "jockey": "Greg Ryan",
            "jockey weight": "55",
            "trainer": "Allan Denham",
            "indicative odds": 7.5
        },
        {
            "silk": "https://static.tab.co.nz/silks/Raci-37-41-127B8C9506B37A6F15914515147A99B7.png",
            "form": "88X23",
            "index": 10,
            "name": "Cozhecancan",
            "barrier": "2",
            "jockey": "Robert Thompson",
            "jockey weight": "56",
            "trainer": "Mark Mason",
            "indicative odds": 6.3
        },
        {
            "silk": "https://static.tab.co.nz/silks/Raci-37-41-80B4B225840E9BBB34D35707E8746F21.png",
            "form": "11431",
            "index": 9,
            "name": "Military Bay",
            "barrier": "8",
            "jockey": "Ben Looker",
            "jockey weight": "56.5",
            "trainer": "Mark Schmetzer",
            "indicative odds": 12.6
        },
        {
            "silk": "https://static.tab.co.nz/silks/Raci-37-41-B3D4914E03357E2C99A4D6228388760F.png",
            "form": "1",
            "index": 3,
            "name": "Berruti",
            "barrier": "3",
            "jockey": "Andrew Gibbons",
            "jockey weight": "57.5",
            "trainer": "Kris Lees",
            "indicative odds": 0.0
        },
        {
            "silk": "https://static.tab.co.nz/silks/Raci-37-41-2035D9BEC2F73E3BFD293C1C6ADC77F9.png",
            "form": "22X46",
            "index": 2,
            "name": "Xiaoli's Ying",
            "barrier": "15",
            "jockey": null,
            "jockey weight": "58.5",
            "trainer": "David Atkins",
            "indicative odds": 0.0
        }
    ]
}