{
    "event_id": "618875",
    "iso date": "2020-09-27",
    "meeting number": "M18",
    "meeting place": "Tamworth Races (NSW)",
    "race number": 7,
    "track": "Tamworth",
    "weather": "Fine",
    "event time": "Monday 07.20AM",
    "event name": "Tamworth Races (NSW)",
    "distance": 1000.0,
    "group": [
        {
            "silk": "https://static.tab.co.nz/silks/Raci-37-41-9E04718B64A89B43D0F777F30F09E21F.png",
            "form": "5744X",
            "index": 8,
            "name": "Sausalito",
            "barrier": "10",
            "jockey": "Clayton Gallagher",
            "jockey weight": "55",
            "trainer": "Paul Perry",
            "indicative odds": 5.8
        },
        {
            "silk": "https://static.tab.co.nz/silks/Raci-37-41-83041C24A8CF380A82468BB8DD5D34B1.png",
            "form": "0538X",
            "index": 12,
            "name": "Tattinger",
            "barrier": "6",
            "jockey": "Nyssa Burrells",
            "jockey weight": "55",
            "trainer": "Graeme Brooker",
            "indicative odds": 55.4
        },
        {
            "silk": "https://static.tab.co.nz/silks/Raci-37-41-10FA5C930A5C06AA33AC92AB1DF0D707.png",
            "form": "30778",
            "index": 4,
            "name": "Desert Marshal",
            "barrier": "8",
            "jockey": "Mikayla Weir",
            "jockey weight": "55.5",
            "trainer": "Jane Clement",
            "indicative odds": 14.6
        },
        {
            "silk": "https://static.tab.co.nz/silks/Raci-37-41-AAC4D58F08FB64990B4F1DCB23E82A47.png",
            "form": "5X605",
            "index": 2,
            "name": "Another Sin",
            "barrier": "3",
            "jockey": "Alysha Collett",
            "jockey weight": "60.5",
            "trainer": "Brett Cavanough",
            "indicative odds": 0.0
        },
        {
            "silk": "https://static.tab.co.nz/silks/Raci-37-41-1A54317E72953E26552DA53A3F67CA35.png",
            "form": "9X788",
            "index": 5,
            "name": "Professor Marx",
            "barrier": "11",
            "jockey": "Reece Jones",
            "jockey weight": "55.5",
            "trainer": "Rodney Northam",
            "indicative odds": 12.2
        },
        {
            "silk": "https://static.tab.co.nz/silks/Raci-37-41-EE32AC1FDEAEB0FF3676203AD14E42F8.png",
            "form": "8X615",
            "index": 7,
            "name": "Arleta",
            "barrier": "1",
            "jockey": "Andrew Gibbons",
            "jockey weight": "55",
            "trainer": "Sue Grills",
            "indicative odds": 4.9
        },
        {
            "silk": "https://static.tab.co.nz/silks/Raci-37-41-A53B92D8878F52BF5A53FA705A50D7FC.png",
            "form": "30675",
            "index": 3,
            "name": "Labuan Star",
            "barrier": "9",
            "jockey": "Greg Ryan",
            "jockey weight": "58",
            "trainer": "Jacob Perrett",
            "indicative odds": 4.7
        },
        {
            "silk": "https://static.tab.co.nz/silks/Raci-37-41-87560ABBA4B336456E711C728F51B0FF.png",
            "form": "51904",
            "index": 10,
            "name": "Epic Decision",
            "barrier": "7",
            "jockey": "Jake Pracey-Holmes",
            "jockey weight": "55",
            "trainer": "Gavin Groth",
            "indicative odds": 16.9
        },
        {
            "silk": "https://static.tab.co.nz/silks/Raci-37-41-72F3CA31784474836D8E3BC79B14754E.png",
            "form": "482X0",
            "index": 11,
            "name": "Make Her Own Whey",
            "barrier": "4",
            "jockey": "Rasit Yetimova",
            "jockey weight": "55",
            "trainer": "Adam Vine",
            "indicative odds": 12.2
        },
        {
            "silk": "https://static.tab.co.nz/silks/Raci-37-41-8D3E43359F089E9029649C254877328A.png",
            "form": "6908X",
            "index": 9,
            "name": "Sir Donald",
            "barrier": "2",
            "jockey": "Yvette Lewis",
            "jockey weight": "55",
            "trainer": "Michelle Fleming",
            "indicative odds": 22.2
        },
        {
            "silk": "https://static.tab.co.nz/silks/Raci-37-41-D1DC74A5FFB12AF8E7D7EA86BD06C026.png",
            "form": "12X50",
            "index": 6,
            "name": "Iamacrumpet",
            "barrier": "5",
            "jockey": "Mitchell Bell",
            "jockey weight": "55",
            "trainer": "Jan Bowen",
            "indicative odds": 7.7
        },
        {
            "silk": "https://static.tab.co.nz/silks/Raci-37-41-CEB52D81B20EC3C74617CA31916AEA46.png",
            "form": "18797",
            "index": 1,
            "name": "Malahat",
            "barrier": "3",
            "jockey": "Jacob Golden",
            "jockey weight": "63",
            "trainer": "Aleacia Bennett",
            "indicative odds": 9.6
        }
    ]
}