{
    "event_id": "619021",
    "iso date": "2020-09-27",
    "meeting number": "M16",
    "meeting place": "Belmont Races (WA)",
    "race number": 6,
    "track": "Belmont",
    "weather": "Showery",
    "event time": "Monday 08.05AM",
    "event name": "Belmont Races (WA)",
    "distance": 1000.0,
    "group": [
        {
            "silk": "https://static.tab.co.nz/silks/Raci-37-41-B78B002B066D21E2F59F6BA254E47039.png",
            "form": "1",
            "index": 3,
            "name": "Mystic Love",
            "barrier": "10",
            "jockey": "Lucy Warwick",
            "jockey weight": "58",
            "trainer": "Michael Campbell",
            "indicative odds": 7.5
        },
        {
            "silk": "https://static.tab.co.nz/silks/Raci-37-41-2EAF58F627FE159C174761432171FFDD.png",
            "form": "00X31",
            "index": 12,
            "name": "Warrcarrcombo",
            "barrier": "10",
            "jockey": "Kyra Yuill",
            "jockey weight": "55.5",
            "trainer": "Luke Fernie",
            "indicative odds": 0.0
        },
        {
            "silk": "https://static.tab.co.nz/silks/Raci-37-41-4AFE73E7F67599E090ABF3AC7A39E4E8.png",
            "form": "4860X",
            "index": 11,
            "name": "Shezabutoo",
            "barrier": "11",
            "jockey": "B Banovic-Edwards",
            "jockey weight": "55.5",
            "trainer": "Misty Bazeley",
            "indicative odds": 81.3
        },
        {
            "silk": "https://static.tab.co.nz/silks/Raci-37-41-06368A43AF74F813DD6527BB4C344442.png",
            "form": "15523",
            "index": 7,
            "name": "Smart Princess",
            "barrier": "3",
            "jockey": "Laqdar Ramoly",
            "jockey weight": "57.5",
            "trainer": "Jim Taylor",
            "indicative odds": 9.5
        },
        {
            "silk": "https://static.tab.co.nz/silks/Raci-37-41-B5DC3B90E4CAFBA731047652813C1CF8.png",
            "form": "6X31",
            "index": 5,
            "name": "Apple Schnapps",
            "barrier": "7",
            "jockey": "Brad Parnham",
            "jockey weight": "57.5",
            "trainer": "Lindsey Smith",
            "indicative odds": 6.2
        },
        {
            "silk": "https://static.tab.co.nz/silks/Raci-37-41-5BABEB847B1A1926B64BDADF2B8F9514.png",
            "form": "X35X5",
            "index": 1,
            "name": "At War",
            "barrier": "4",
            "jockey": "Alan Kennedy",
            "jockey weight": "59.5",
            "trainer": "Trevor Andrews",
            "indicative odds": 10.8
        },
        {
            "silk": "https://static.tab.co.nz/silks/Raci-37-41-324CC9530AA85E43F05D6950B882F059.png",
            "form": "36X24",
            "index": 2,
            "name": "Casino War",
            "barrier": "5",
            "jockey": "Simone Altieri",
            "jockey weight": "58.5",
            "trainer": "Krista Pike",
            "indicative odds": 10.2
        },
        {
            "silk": "https://static.tab.co.nz/silks/Raci-37-41-AD971524D001187AAA3B74D1495DF743.png",
            "form": "721X",
            "index": 6,
            "name": "Samsurian",
            "barrier": "2",
            "jockey": "Troy Turner",
            "jockey weight": "57.5",
            "trainer": "Robert Harvey",
            "indicative odds": 9.9
        },
        {
            "silk": "https://static.tab.co.nz/silks/Raci-37-41-4B374F7FB3651D1F64B335D0490C1383.png",
            "form": "410X6",
            "index": 8,
            "name": "The Naturopath",
            "barrier": "9",
            "jockey": "Jason Whiting",
            "jockey weight": "57",
            "trainer": "Gary Crispin",
            "indicative odds": 44.5
        },
        {
            "silk": "https://static.tab.co.nz/silks/Raci-37-41-AB40C25A2D4EF5419679ACA52624D403.png",
            "form": "51X",
            "index": 10,
            "name": "Real Grace",
            "barrier": "8",
            "jockey": "Chris Parnham",
            "jockey weight": "55.5",
            "trainer": "G & A Williams",
            "indicative odds": 3.2
        },
        {
            "silk": "https://static.tab.co.nz/silks/Raci-37-41-F46FAA350D0667FCAC689D2D2D73D054.png",
            "form": "8507X",
            "index": 9,
            "name": "Eye Of The Day",
            "barrier": "6",
            "jockey": "Craig Staples",
            "jockey weight": "56",
            "trainer": "Paul Jordan",
            "indicative odds": 11.4
        },
        {
            "silk": "https://static.tab.co.nz/silks/Raci-37-41-EB59C70AF53D4FC161D942034530BAD3.png",
            "form": "2620X",
            "index": 4,
            "name": "Spiculus",
            "barrier": "1",
            "jockey": "Andrew Castle",
            "jockey weight": "58",
            "trainer": "Rebecca Wallrodt",
            "indicative odds": 17.3
        }
    ]
}