{
    "event_id": "618854",
    "iso date": "2020-09-27",
    "meeting number": "M17",
    "meeting place": "Leeton Races (NSW)",
    "race number": 3,
    "track": "Leeton",
    "weather": "Fine",
    "event time": "Monday 05.10AM",
    "event name": "Leeton Races (NSW)",
    "distance": 1150.0,
    "group": [
        {
            "silk": "https://static.tab.co.nz/silks/Raci-37-41-B259C329084BBEF04E0513DF4DCE31D5.png",
            "form": "8X134",
            "index": 5,
            "name": "Lennox Road",
            "barrier": "4",
            "jockey": "Blaike McDougall",
            "jockey weight": "55",
            "trainer": "Graham Byatt",
            "indicative odds": 5.6
        },
        {
            "silk": "https://static.tab.co.nz/silks/Raci-37-41-C96BD881E10E81C59BD99BBF68052052.png",
            "form": "X1924",
            "index": 4,
            "name": "Attuned",
            "barrier": "2",
            "jockey": "Simon Miller",
            "jockey weight": "55.5",
            "trainer": "Rob Potter",
            "indicative odds": 0.0
        },
        {
            "silk": "https://static.tab.co.nz/silks/Raci-37-41-F09FC4A35B8D4BDA8DA09FDFAB4F0A67.png",
            "form": "36102",
            "index": 3,
            "name": "Tocatchacod",
            "barrier": "1",
            "jockey": "Aaron Sweeney",
            "jockey weight": "58",
            "trainer": "Scott Spackman",
            "indicative odds": 3.8
        },
        {
            "silk": "https://static.tab.co.nz/silks/Raci-37-41-721BC3524C001346B71ADB0B9BDF9630.png",
            "form": "4251X",
            "index": 1,
            "name": "Aleda",
            "barrier": "8",
            "jockey": "Georgina McDonnell",
            "jockey weight": "60",
            "trainer": "Mitchell Beer",
            "indicative odds": 6.5
        },
        {
            "silk": "https://static.tab.co.nz/silks/Raci-37-41-15E7C43D3CCCDFCAADDD03FB77F55ADD.png",
            "form": "313X1",
            "index": 2,
            "name": "Mr Moppett",
            "barrier": "3",
            "jockey": "Josh Richards",
            "jockey weight": "58",
            "trainer": "Phil Sweeney",
            "indicative odds": 2.5
        },
        {
            "silk": "https://static.tab.co.nz/silks/Raci-37-41-A7D1A3635C8456FAD599C7DF2F7DA2C0.png",
            "form": "50490",
            "index": 6,
            "name": "Rosecraft",
            "barrier": "2",
            "jockey": "Ellen Hennessy",
            "jockey weight": "55",
            "trainer": "Scott Collings",
            "indicative odds": 24.5
        },
        {
            "silk": "https://static.tab.co.nz/silks/Raci-37-41-B8A187CE274F99A586F17AE4B750FC27.png",
            "form": "05377",
            "index": 9,
            "name": "Astir",
            "barrier": "6",
            "jockey": "Danielle Scott",
            "jockey weight": "55",
            "trainer": "Russell Hogan",
            "indicative odds": 58.5
        },
        {
            "silk": "https://static.tab.co.nz/silks/Raci-37-41-B56398AC749E0CD2E683773B6B066EEB.png",
            "form": "X0006",
            "index": 8,
            "name": "Sun Wu",
            "barrier": "7",
            "jockey": "Michael Heagney",
            "jockey weight": "55",
            "trainer": "Fiona Schneiders",
            "indicative odds": 14.3
        },
        {
            "silk": "https://static.tab.co.nz/silks/Raci-37-41-72E10FE27B78A0F3A5D7EBDA7F082A6A.png",
            "form": "49026",
            "index": 7,
            "name": "Who Told Ya",
            "barrier": "5",
            "jockey": "Bradley Vale",
            "jockey weight": "55",
            "trainer": "Shilleagh MeyerVale",
            "indicative odds": 15.1
        }
    ]
}