{
    "event_id": "618856",
    "iso date": "2020-09-27",
    "meeting number": "M17",
    "meeting place": "Leeton Races (NSW)",
    "race number": 5,
    "track": "Leeton",
    "weather": "Fine",
    "event time": "Monday 06.25AM",
    "event name": "Leeton Races (NSW)",
    "distance": 1150.0,
    "group": [
        {
            "silk": "https://static.tab.co.nz/silks/Raci-37-41-1BB28FDD1D71B9219F7A512B7071FC7D.png",
            "form": "3X0X3",
            "index": 1,
            "name": "Cash Crisis",
            "barrier": "8",
            "jockey": "Mathew Cahill",
            "jockey weight": "61",
            "trainer": "Ron Stubbs",
            "indicative odds": 3.2
        },
        {
            "silk": "https://static.tab.co.nz/silks/Raci-37-41-F09FC4A35B8D4BDA8DA09FDFAB4F0A67.png",
            "form": "75882",
            "index": 7,
            "name": "Takookacod",
            "barrier": "6",
            "jockey": "Aaron Sweeney",
            "jockey weight": "55",
            "trainer": "Scott Spackman",
            "indicative odds": 12.9
        },
        {
            "silk": "https://static.tab.co.nz/silks/Raci-37-41-B03BB14B9EB991ADA44C889B053A1E8A.png",
            "form": "68X68",
            "index": 6,
            "name": "Newtown is Coming",
            "barrier": "8",
            "jockey": null,
            "jockey weight": "56.5",
            "trainer": "E & L Longmire",
            "indicative odds": 0.0
        },
        {
            "silk": "https://static.tab.co.nz/silks/Raci-37-41-34C009AA75D1973EAAC36BC0D80DC746.png",
            "form": "6X910",
            "index": 3,
            "name": "Eve's Miss",
            "barrier": "5",
            "jockey": "Blaike McDougall",
            "jockey weight": "59.5",
            "trainer": "Keith Dryden",
            "indicative odds": 3.7
        },
        {
            "silk": "https://static.tab.co.nz/silks/Raci-37-41-4C03D70E8C6EBAF4002BFEB77B5E18D2.png",
            "form": "X2804",
            "index": 5,
            "name": "Exaggerate",
            "barrier": "1",
            "jockey": "Simon Miller",
            "jockey weight": "57",
            "trainer": "Doug Gorrel",
            "indicative odds": 6.2
        },
        {
            "silk": "https://static.tab.co.nz/silks/Raci-37-41-E41BFBB3005F169CD34773E4AB92E008.png",
            "form": "4187X",
            "index": 9,
            "name": "Waiting for a Mate",
            "barrier": "4",
            "jockey": "Richard Bensley",
            "jockey weight": "55",
            "trainer": "Norm Loy",
            "indicative odds": 21.2
        },
        {
            "silk": "https://static.tab.co.nz/silks/Raci-37-41-7244D51C820C09133642184C0E6B642D.png",
            "form": "X5074",
            "index": 8,
            "name": "Derby Star",
            "barrier": "7",
            "jockey": "Josh Richards",
            "jockey weight": "55",
            "trainer": "Peter Clancy",
            "indicative odds": 10.1
        },
        {
            "silk": "https://static.tab.co.nz/silks/Raci-37-41-1E7D0EDF16BBD7AEE461A7CCAA5AADAC.png",
            "form": "X3461",
            "index": 4,
            "name": "Magnavale",
            "barrier": "2",
            "jockey": "Jordan Mallyon",
            "jockey weight": "58",
            "trainer": "Geoff Duryea",
            "indicative odds": 7.8
        },
        {
            "silk": "https://static.tab.co.nz/silks/Raci-37-41-B9711AA715431BF120EBC56B235FC4FE.png",
            "form": "7X252",
            "index": 2,
            "name": "Bombdiggity",
            "barrier": "3",
            "jockey": "Nick Heywood",
            "jockey weight": "60",
            "trainer": "Scott Collings",
            "indicative odds": 12.0
        }
    ]
}