{
    "event_id": "618874",
    "iso date": "2020-09-27",
    "meeting number": "M18",
    "meeting place": "Tamworth Races (NSW)",
    "race number": 6,
    "track": "Tamworth",
    "weather": "Fine",
    "event time": "Monday 06.40AM",
    "event name": "Tamworth Races (NSW)",
    "distance": 1000.0,
    "group": [
        {
            "silk": "https://static.tab.co.nz/silks/Raci-37-41-DD1783657E2EF7601F12776741AABD31.png",
            "form": "X8003",
            "index": 6,
            "name": "Rambler Rebel",
            "barrier": "9",
            "jockey": "Billy Cray",
            "jockey weight": "58.5",
            "trainer": "Nick Mitchell",
            "indicative odds": 7.8
        },
        {
            "silk": "https://static.tab.co.nz/silks/Raci-37-41-FB23230D7A295E74835190557B0D50F0.png",
            "form": "53048",
            "index": 9,
            "name": "The Pharoah",
            "barrier": "1",
            "jockey": "Zoe-Lee Cruickshank",
            "jockey weight": "55.5",
            "trainer": "Bill Perrett",
            "indicative odds": 12.9
        },
        {
            "silk": "https://static.tab.co.nz/silks/Raci-37-41-8404AA6D0EFC49C74345EBF27AB2AFF2.png",
            "form": "52921",
            "index": 12,
            "name": "Plectrum",
            "barrier": "5",
            "jockey": "Nyssa Burrells",
            "jockey weight": "55",
            "trainer": "Graeme Brooker",
            "indicative odds": 35.7
        },
        {
            "silk": "https://static.tab.co.nz/silks/Raci-37-41-34E9F6DF33C598E5FE7A1AD91D48601D.png",
            "form": "63X03",
            "index": 5,
            "name": "Gidgee Guy",
            "barrier": "11",
            "jockey": "Robert Thompson",
            "jockey weight": "58.5",
            "trainer": "Allan Denham",
            "indicative odds": 5.1
        },
        {
            "silk": "https://static.tab.co.nz/silks/Raci-37-41-B23E49B966C38962410433DD4E4EBE6C.png",
            "form": "52711",
            "index": 11,
            "name": "Great Excitement",
            "barrier": "11",
            "jockey": "-",
            "jockey weight": "55",
            "trainer": "Damien Lane",
            "indicative odds": 0.0
        },
        {
            "silk": "https://static.tab.co.nz/silks/Raci-37-41-E600014E0108E930E001EDA5A62B0BB5.png",
            "form": "161X",
            "index": 7,
            "name": "I'm a Cracker",
            "barrier": "3",
            "jockey": "Rachael Murray",
            "jockey weight": "57",
            "trainer": "Luke Morgan",
            "indicative odds": 5.9
        },
        {
            "silk": "https://static.tab.co.nz/silks/Raci-37-41-43D1F0720E2C6F7764AECB97D21A0FDF.png",
            "form": "25X55",
            "index": 3,
            "name": "Incomparable",
            "barrier": "2",
            "jockey": "-",
            "jockey weight": "59",
            "trainer": "Campbell Roberts",
            "indicative odds": 0.0
        },
        {
            "silk": "https://static.tab.co.nz/silks/Raci-37-41-CA9AA911D38A3B5E3D769333E4EEFB7C.png",
            "form": "6350X",
            "index": 13,
            "name": "King Kestrel",
            "barrier": "4",
            "jockey": "Elissa Meredith",
            "jockey weight": "55",
            "trainer": "Les Roberts",
            "indicative odds": 7.8
        },
        {
            "silk": "https://static.tab.co.nz/silks/Raci-37-41-4CCAD6DC9E92815C1D13CFD9ED8C4D58.png",
            "form": "9X19X",
            "index": 8,
            "name": "Carrera To The Max",
            "barrier": "6",
            "jockey": "Mitchell Bell",
            "jockey weight": "56.5",
            "trainer": "Justin Bowen",
            "indicative odds": 12.6
        },
        {
            "silk": "https://static.tab.co.nz/silks/Raci-37-41-72F3CA31784474836D8E3BC79B14754E.png",
            "form": "66775",
            "index": 14,
            "name": "Coasting",
            "barrier": "8",
            "jockey": "Rasit Yetimova",
            "jockey weight": "55",
            "trainer": "Adam Vine",
            "indicative odds": 81.2
        },
        {
            "silk": "https://static.tab.co.nz/silks/Raci-37-41-FED06A6D9C17DAFF224A798502963F5D.png",
            "form": "42220",
            "index": 10,
            "name": "Gold Codes",
            "barrier": "7",
            "jockey": "Greg Ryan",
            "jockey weight": "55",
            "trainer": "Stephen Jones",
            "indicative odds": 6.6
        },
        {
            "silk": "https://static.tab.co.nz/silks/Raci-37-41-879663DCA56DDD426FFF0CA7F99495D2.png",
            "form": "X1844",
            "index": 4,
            "name": "Leo",
            "barrier": "9",
            "jockey": "-",
            "jockey weight": "59",
            "trainer": "Mark Schmetzer",
            "indicative odds": 0.0
        },
        {
            "silk": "https://static.tab.co.nz/silks/Raci-37-41-96E85F981781017D6342C429C90CB8EB.png",
            "form": "32029",
            "index": 2,
            "name": "Lord Tony",
            "barrier": "10",
            "jockey": "Mikayla Weir",
            "jockey weight": "60.5",
            "trainer": "Troy O'Neile",
            "indicative odds": 9.7
        },
        {
            "silk": "https://static.tab.co.nz/silks/Raci-37-41-2B0AC7945BD079047886DE7D2BA8F501.png",
            "form": "9209X",
            "index": 1,
            "name": "Emperor's Star",
            "barrier": "2",
            "jockey": "Alysha Collett",
            "jockey weight": "61",
            "trainer": "Brett Cavanough",
            "indicative odds": 9.6
        }
    ]
}