{
    "event_id": "618857",
    "iso date": "2020-09-27",
    "meeting number": "M17",
    "meeting place": "Leeton Races (NSW)",
    "race number": 6,
    "track": "Leeton",
    "weather": "Fine",
    "event time": "Monday 07.05AM",
    "event name": "Leeton Races (NSW)",
    "distance": 1050.0,
    "group": [
        {
            "silk": "https://static.tab.co.nz/silks/Raci-37-41-4AC976952AA3BDC8256C2948F6802BE0.png",
            "form": "42663",
            "index": 3,
            "name": "Enconti",
            "barrier": "10",
            "jockey": "Amy McLucas",
            "jockey weight": "59",
            "trainer": "Paul McVicar",
            "indicative odds": 4.6
        },
        {
            "silk": "https://static.tab.co.nz/silks/Raci-37-41-8728D7B7E67BF408E8459FCBB411E2AD.png",
            "form": "3270X",
            "index": 4,
            "name": "Honeysuckle Choice",
            "barrier": "9",
            "jockey": "Blaike McDougall",
            "jockey weight": "58.5",
            "trainer": "Todd Smart",
            "indicative odds": 6.8
        },
        {
            "silk": "https://static.tab.co.nz/silks/Raci-37-41-0143640E3934A0C0C62E9DBD61D95642.png",
            "form": "90000",
            "index": 12,
            "name": "Sugar Bay Leonard",
            "barrier": "4",
            "jockey": "Jordan Mallyon",
            "jockey weight": "55",
            "trainer": "Guntis Lukss",
            "indicative odds": 43.0
        },
        {
            "silk": "https://static.tab.co.nz/silks/Raci-37-41-CF3D450DC720BCF83531F54F25E72FB6.png",
            "form": "630X9",
            "index": 8,
            "name": "Lucky Champion",
            "barrier": "4",
            "jockey": "-",
            "jockey weight": "55",
            "trainer": "John Rolfe",
            "indicative odds": 0.0
        },
        {
            "silk": "https://static.tab.co.nz/silks/Raci-37-41-780AC010121FDCB0EDD3C50D29C1AD8A.png",
            "form": "2X963",
            "index": 7,
            "name": "Freundin",
            "barrier": "8",
            "jockey": "Richard Bensley",
            "jockey weight": "55",
            "trainer": "Nick Olive",
            "indicative odds": 20.7
        },
        {
            "silk": "https://static.tab.co.nz/silks/Raci-37-41-CCC5BB77A334964274F4822F5974658B.png",
            "form": "65041",
            "index": 6,
            "name": "Social Smile",
            "barrier": "1",
            "jockey": "Ellen Hennessy",
            "jockey weight": "58",
            "trainer": "Frank Cleary",
            "indicative odds": 3.4
        },
        {
            "silk": "https://static.tab.co.nz/silks/Raci-37-41-4F05B932DD4222049470486D0DAED3EE.png",
            "form": "84302",
            "index": 9,
            "name": "Sestina",
            "barrier": "3",
            "jockey": "Kayla Nisbet",
            "jockey weight": "55",
            "trainer": "Doug Gorrel",
            "indicative odds": 5.8
        },
        {
            "silk": "https://static.tab.co.nz/silks/Raci-37-41-C96BD881E10E81C59BD99BBF68052052.png",
            "form": "X1924",
            "index": 13,
            "name": "Attuned",
            "barrier": "12",
            "jockey": "-",
            "jockey weight": "57.5",
            "trainer": "Rob Potter",
            "indicative odds": 0.0
        },
        {
            "silk": "https://static.tab.co.nz/silks/Raci-37-41-165BBC50B0E2E4657FE1A6CCCEA2B7D1.png",
            "form": "4525X",
            "index": 11,
            "name": "Indicators On",
            "barrier": "8",
            "jockey": "-",
            "jockey weight": "61",
            "trainer": "Scott Collings",
            "indicative odds": 0.0
        },
        {
            "silk": "https://static.tab.co.nz/silks/Raci-37-41-9FDEF7307CAD7D6E70FF3F968112035A.png",
            "form": "09357",
            "index": 10,
            "name": "Smokey Eye",
            "barrier": "7",
            "jockey": "Heni Ede",
            "jockey weight": "55",
            "trainer": "Debbie Prest",
            "indicative odds": 14.0
        },
        {
            "silk": "https://static.tab.co.nz/silks/Raci-37-41-E4CEE9BB9E3D0F2369AD96C3B9D22E45.png",
            "form": "7X079",
            "index": 5,
            "name": "Olifants",
            "barrier": "2",
            "jockey": "Mathew Cahill",
            "jockey weight": "58",
            "trainer": "Doug Gorrel",
            "indicative odds": 11.0
        },
        {
            "silk": "https://static.tab.co.nz/silks/Raci-37-41-47B5BB56B0B59EB81039002B087BCF75.png",
            "form": "12X88",
            "index": 2,
            "name": "Three Rar",
            "barrier": "6",
            "jockey": "Bradley Vale",
            "jockey weight": "59.5",
            "trainer": "Wayne Marsden",
            "indicative odds": 22.8
        },
        {
            "silk": "https://static.tab.co.nz/silks/Raci-37-41-B8C0679075DFD3CD427C9B53E8482EF4.png",
            "form": "19X74",
            "index": 1,
            "name": "Mouse Almighty",
            "barrier": "5",
            "jockey": "Danielle Scott",
            "jockey weight": "60",
            "trainer": "George Dimitropoulos",
            "indicative odds": 14.9
        }
    ]
}