{
    "event_id": "618858",
    "iso date": "2020-09-27",
    "meeting number": "M17",
    "meeting place": "Leeton Races (NSW)",
    "race number": 7,
    "track": "Leeton",
    "weather": "Fine",
    "event time": "Monday 07.40AM",
    "event name": "Leeton Races (NSW)",
    "distance": 1600.0,
    "group": [
        {
            "silk": "https://static.tab.co.nz/silks/Raci-37-41-B8A187CE274F99A586F17AE4B750FC27.png",
            "form": "06027",
            "index": 3,
            "name": "Cooee March",
            "barrier": "3",
            "jockey": "Michael Heagney",
            "jockey weight": "60.5",
            "trainer": "Russell Hogan",
            "indicative odds": 14.3
        },
        {
            "silk": "https://static.tab.co.nz/silks/Raci-37-41-D91D40C1BC95E41B5D65F1D2518D629F.png",
            "form": "87709",
            "index": 15,
            "name": "Saturation",
            "barrier": "4",
            "jockey": "Aaron Sweeney",
            "jockey weight": "55",
            "trainer": "Gino D'Altorio",
            "indicative odds": 0.0
        },
        {
            "silk": "https://static.tab.co.nz/silks/Raci-37-41-C1F476F7F2427AC152C8F062C8E42167.png",
            "form": "90070",
            "index": 11,
            "name": "Pink Moscato",
            "barrier": "4",
            "jockey": "Simon Miller",
            "jockey weight": "56",
            "trainer": "Rob Potter",
            "indicative odds": 13.7
        },
        {
            "silk": "https://static.tab.co.nz/silks/Raci-37-41-68BC096DFFDA52016B7D92382C3BCE01.png",
            "form": "52199",
            "index": 5,
            "name": "Funky Farm",
            "barrier": "6",
            "jockey": "Amanda Masters",
            "jockey weight": "59",
            "trainer": "Rob Wellington",
            "indicative odds": 4.5
        },
        {
            "silk": "https://static.tab.co.nz/silks/Raci-37-41-57B7ADF3F6E8056E4C12335E0166D1E8.png",
            "form": "55456",
            "index": 4,
            "name": "Hail the Hero",
            "barrier": "16",
            "jockey": "Danielle Scott",
            "jockey weight": "59.5",
            "trainer": "Donna Scott",
            "indicative odds": 0.0
        },
        {
            "silk": "https://static.tab.co.nz/silks/Raci-37-41-B40BA105C89BC3E331D2382333614C09.png",
            "form": "507X6",
            "index": 12,
            "name": "Manhattan Zip",
            "barrier": "1",
            "jockey": "Jordan Mallyon",
            "jockey weight": "55",
            "trainer": "Gary Colvin",
            "indicative odds": 16.8
        },
        {
            "silk": "https://static.tab.co.nz/silks/Raci-37-41-E41BFBB3005F169CD34773E4AB92E008.png",
            "form": "05X00",
            "index": 1,
            "name": "Gottaluvtrucks",
            "barrier": "12",
            "jockey": "Heni Ede",
            "jockey weight": "62",
            "trainer": "Norm Loy",
            "indicative odds": 14.7
        },
        {
            "silk": "https://static.tab.co.nz/silks/Raci-37-41-DB2CD1BA1D4B52CEAE25F8F00E76AC2C.png",
            "form": "03524",
            "index": 6,
            "name": "Lygia",
            "barrier": "5",
            "jockey": "Mathew Cahill",
            "jockey weight": "58.5",
            "trainer": "Michael Lynch",
            "indicative odds": 5.5
        },
        {
            "silk": "https://static.tab.co.nz/silks/Raci-37-41-94112412382D31404BFC8369F5B407B7.png",
            "form": "46143",
            "index": 13,
            "name": "Keep Me Posted",
            "barrier": "3",
            "jockey": "Kayla Nisbet",
            "jockey weight": "55.5",
            "trainer": "Doug Gorrel",
            "indicative odds": 0.0
        },
        {
            "silk": "https://static.tab.co.nz/silks/Raci-37-41-2D3C8DF46EAF2AFC5F64C007CAFD7D7D.png",
            "form": "61036",
            "index": 16,
            "name": "Mr Maharaj",
            "barrier": "5",
            "jockey": "-",
            "jockey weight": "55",
            "trainer": "Todd Smart",
            "indicative odds": 0.0
        },
        {
            "silk": "https://static.tab.co.nz/silks/Raci-37-41-3F59ACC98CA51C1E07E39961D6C069CB.png",
            "form": "90946",
            "index": 14,
            "name": "Dottledo",
            "barrier": "8",
            "jockey": "Bradley Vale",
            "jockey weight": "55",
            "trainer": "Shilleagh MeyerVale",
            "indicative odds": 12.0
        },
        {
            "silk": "https://static.tab.co.nz/silks/Raci-37-41-DB2CD1BA1D4B52CEAE25F8F00E76AC2C.png",
            "form": "X6446",
            "index": 10,
            "name": "Just In The Clear",
            "barrier": "10",
            "jockey": "Michael Travers",
            "jockey weight": "56",
            "trainer": "Michael Lynch",
            "indicative odds": 18.3
        },
        {
            "silk": "https://static.tab.co.nz/silks/Raci-37-41-B236EDBA89ACD44B651A4EE208E810D0.png",
            "form": "74716",
            "index": 9,
            "name": "Dismayed",
            "barrier": "7",
            "jockey": "Amy McLucas",
            "jockey weight": "56.5",
            "trainer": "Martin Stein",
            "indicative odds": 22.4
        },
        {
            "silk": "https://static.tab.co.nz/silks/Raci-37-41-5A30F0BA892398211166DA79DB0E2950.png",
            "form": "X4321",
            "index": 8,
            "name": "Submission",
            "barrier": "2",
            "jockey": "Nick Heywood",
            "jockey weight": "58",
            "trainer": "Paul McVicar",
            "indicative odds": 11.4
        },
        {
            "silk": "https://static.tab.co.nz/silks/Raci-37-41-90147252B333BAA122F49F81394177F5.png",
            "form": "31X59",
            "index": 7,
            "name": "Goodradigbee",
            "barrier": "11",
            "jockey": "Blaike McDougall",
            "jockey weight": "58",
            "trainer": "Mark Gee",
            "indicative odds": 10.8
        },
        {
            "silk": "https://static.tab.co.nz/silks/Raci-37-41-DF4F41D53393E135A18BFE320293B302.png",
            "form": "24111",
            "index": 2,
            "name": "Snowbrook",
            "barrier": "9",
            "jockey": "Ellen Hennessy",
            "jockey weight": "61.5",
            "trainer": "Luke Pepper",
            "indicative odds": 7.1
        }
    ]
}