{
    "event_id": "618872",
    "iso date": "2020-09-27",
    "meeting number": "M18",
    "meeting place": "Tamworth Races (NSW)",
    "race number": 4,
    "track": "Tamworth",
    "weather": "Fine",
    "event time": "Monday 05.25AM",
    "event name": "Tamworth Races (NSW)",
    "distance": 1400.0,
    "group": [
        {
            "silk": "https://static.tab.co.nz/silks/Raci-37-41-35BDBEAFB24084E8F7C5653C509AF924.png",
            "form": "X4413",
            "index": 9,
            "name": "Stashes",
            "barrier": "10",
            "jockey": "Mikayla Weir",
            "jockey weight": "55",
            "trainer": "Luke Morgan",
            "indicative odds": 0.0
        },
        {
            "silk": "https://static.tab.co.nz/silks/Raci-37-41-0AF83026A52B9E20F92251ED916236C9.png",
            "form": "1X037",
            "index": 8,
            "name": "Rose Sauvage",
            "barrier": "8",
            "jockey": "Serg Lisnyy",
            "jockey weight": "55",
            "trainer": "Tracey Bartley",
            "indicative odds": 16.7
        },
        {
            "silk": "https://static.tab.co.nz/silks/Raci-37-41-39AA4CF5B1B16DDCB67E328CB7867AD4.png",
            "form": "50256",
            "index": 15,
            "name": "Get Up Alby",
            "barrier": "5",
            "jockey": "Clayton Gallagher",
            "jockey weight": "55",
            "trainer": "Connie Greig",
            "indicative odds": 20.6
        },
        {
            "silk": "https://static.tab.co.nz/silks/Raci-37-41-0B81EAED9BA3D1F840E81CC946AC737A.png",
            "form": "28X51",
            "index": 7,
            "name": "Miss Scalini",
            "barrier": "11",
            "jockey": "Ashley Morgan",
            "jockey weight": "55.5",
            "trainer": "Nathan Doyle",
            "indicative odds": 14.6
        },
        {
            "silk": "https://static.tab.co.nz/silks/Raci-37-41-2A9DC8A5E50411C38529A270B9E55E66.png",
            "form": "X2552",
            "index": 5,
            "name": "Bridges To Babylon",
            "barrier": "9",
            "jockey": "Kirk Matheson",
            "jockey weight": "57",
            "trainer": "Melanie O'Gorman",
            "indicative odds": 6.7
        },
        {
            "silk": "https://static.tab.co.nz/silks/Raci-37-41-DEE075286B7F41AA3EDC323572295817.png",
            "form": "47746",
            "index": 14,
            "name": "Whaler Bill",
            "barrier": "1",
            "jockey": "Ben Looker",
            "jockey weight": "55",
            "trainer": "Ben Hill",
            "indicative odds": 10.6
        },
        {
            "silk": "https://static.tab.co.nz/silks/Raci-37-41-92E694626ABCC0353B356796480657AE.png",
            "form": "74X98",
            "index": 13,
            "name": "Friendly",
            "barrier": "3",
            "jockey": "Qin Yong",
            "jockey weight": "55",
            "trainer": "Grant Prosser",
            "indicative odds": 20.9
        },
        {
            "silk": "https://static.tab.co.nz/silks/Raci-37-41-6F26F61B7D942505AB26257B69DECA84.png",
            "form": "72935",
            "index": 12,
            "name": "Euroaire",
            "barrier": "14",
            "jockey": null,
            "jockey weight": "55",
            "trainer": "Pat Farrell",
            "indicative odds": 0.0
        },
        {
            "silk": "https://static.tab.co.nz/silks/Raci-37-41-2AE10CF9838AE68304D32D38325E01D6.png",
            "form": "30X61",
            "index": 11,
            "name": "Untamed Dragon",
            "barrier": "6",
            "jockey": "Rachael Murray",
            "jockey weight": "55",
            "trainer": "Luke Morgan",
            "indicative odds": 14.0
        },
        {
            "silk": "https://static.tab.co.nz/silks/Raci-37-41-19354771FF5700E62AFA454A7F2719BC.png",
            "form": "36431",
            "index": 10,
            "name": "Badboy Mccoy",
            "barrier": "10",
            "jockey": "Greg Ryan",
            "jockey weight": "55",
            "trainer": "Jan Bowen",
            "indicative odds": 7.7
        },
        {
            "silk": "https://static.tab.co.nz/silks/Raci-37-41-6C4C07D4010A8388B7D096A05DE64F0D.png",
            "form": "133X6",
            "index": 6,
            "name": "Solvency",
            "barrier": "4",
            "jockey": "Mitchell Bell",
            "jockey weight": "56",
            "trainer": "Jason Deamer",
            "indicative odds": 9.6
        },
        {
            "silk": "https://static.tab.co.nz/silks/Raci-37-41-AAA0C37354470A57F47C64EFA25FEDCA.png",
            "form": "74X61",
            "index": 4,
            "name": "Pizzly",
            "barrier": "15",
            "jockey": null,
            "jockey weight": "58",
            "trainer": "Kris Lees",
            "indicative odds": 0.0
        },
        {
            "silk": "https://static.tab.co.nz/silks/Raci-37-41-EB0F1B4FF58CDBD4D01B1BD092739194.png",
            "form": "X3662",
            "index": 3,
            "name": "Manhattan Whirl",
            "barrier": "7",
            "jockey": "Amelia Denby",
            "jockey weight": "58",
            "trainer": "David Atkins",
            "indicative odds": 15.7
        },
        {
            "silk": "https://static.tab.co.nz/silks/Raci-37-41-3CD371677BC075A966A68BB825206D36.png",
            "form": "2X321",
            "index": 2,
            "name": "Meyisti",
            "barrier": "12",
            "jockey": "Alysha Collett",
            "jockey weight": "59.5",
            "trainer": "Paul Perry",
            "indicative odds": 3.9
        },
        {
            "silk": "https://static.tab.co.nz/silks/Raci-37-41-4B35B5141EC69FE27A92710538803351.png",
            "form": "X2752",
            "index": 1,
            "name": "Saint Ambrose",
            "barrier": "2",
            "jockey": "Reece Jones",
            "jockey weight": "61",
            "trainer": "William Freedman",
            "indicative odds": 11.7
        }
    ]
}