{
    "event_id": "619019",
    "iso date": "2020-09-27",
    "meeting number": "M16",
    "meeting place": "Belmont Races (WA)",
    "race number": 4,
    "track": "Belmont",
    "weather": "Showery",
    "event time": "Monday 06.47AM",
    "event name": "Belmont Races (WA)",
    "distance": 1200.0,
    "group": [
        {
            "silk": "https://static.tab.co.nz/silks/Raci-37-41-E995B49531015CA9582805767BA57977.png",
            "form": "224X4",
            "index": 5,
            "name": "Sauvegarde",
            "barrier": "7",
            "jockey": "Laqdar Ramoly",
            "jockey weight": "59",
            "trainer": "Martin Allan",
            "indicative odds": 7.9
        },
        {
            "silk": "https://static.tab.co.nz/silks/Raci-37-41-6F61064ABEED4A81A912588F074E8D37.png",
            "form": "67X13",
            "index": 2,
            "name": "Pink 'n' Gray",
            "barrier": "2",
            "jockey": "Kyra Yuill",
            "jockey weight": "60",
            "trainer": "Graeme Evans",
            "indicative odds": 3.6
        },
        {
            "silk": "https://static.tab.co.nz/silks/Raci-37-41-84F2BA7CBCD587D16C9DCC392022E084.png",
            "form": "38X03",
            "index": 6,
            "name": "Valente",
            "barrier": "5",
            "jockey": "Brad Parnham",
            "jockey weight": "59",
            "trainer": "Neville Parnham",
            "indicative odds": 11.5
        },
        {
            "silk": "https://static.tab.co.nz/silks/Raci-37-41-43DC0F3BB355B2CFE3A2D9D3FA537E99.png",
            "form": "2121X",
            "index": 7,
            "name": "Marlize",
            "barrier": "1",
            "jockey": "Jordan Turner",
            "jockey weight": "58",
            "trainer": "George Dupre",
            "indicative odds": 5.6
        },
        {
            "silk": "https://static.tab.co.nz/silks/Raci-37-41-A74F267252B5B33E1207A774C1D6109F.png",
            "form": "222X1",
            "index": 8,
            "name": "Oristano",
            "barrier": "9",
            "jockey": "Joseph Azzopardi",
            "jockey weight": "58",
            "trainer": "David Harrison",
            "indicative odds": 8.7
        },
        {
            "silk": "https://static.tab.co.nz/silks/Raci-37-41-03AB8D78914BED4B3CF8D11A6522B549.png",
            "form": "9437X",
            "index": 11,
            "name": "Flying Target",
            "barrier": "8",
            "jockey": "Lucy Warwick",
            "jockey weight": "54",
            "trainer": "Chris Stelmach",
            "indicative odds": 19.7
        },
        {
            "silk": "https://static.tab.co.nz/silks/Raci-37-41-361BA033483BC36A653CE8DFA4E70F17.png",
            "form": "X4113",
            "index": 10,
            "name": "Classic Magnus",
            "barrier": "11",
            "jockey": "Chris Parnham",
            "jockey weight": "55",
            "trainer": "Lindsey Smith",
            "indicative odds": 0.0
        },
        {
            "silk": "https://static.tab.co.nz/silks/Raci-37-41-F0E97BD0C0DD4B30C2B90E6F6DAF8C5C.png",
            "form": "X8550",
            "index": 9,
            "name": "Lookout",
            "barrier": "9",
            "jockey": "Steven Parnham",
            "jockey weight": "57",
            "trainer": "Neville Parnham",
            "indicative odds": 0.0
        },
        {
            "silk": "https://static.tab.co.nz/silks/Raci-37-41-25DE8F7A2BF811E61E472E1EFFCB6C56.png",
            "form": "41137",
            "index": 4,
            "name": "Foo Trouble",
            "barrier": "6",
            "jockey": "Simone Altieri",
            "jockey weight": "59",
            "trainer": "Kayla Farrell",
            "indicative odds": 7.4
        },
        {
            "silk": "https://static.tab.co.nz/silks/Raci-37-41-361C6A1D3C222F8C40599156C6BD5F18.png",
            "form": "870X0",
            "index": 3,
            "name": "Horizon",
            "barrier": "4",
            "jockey": "Victoria Corver",
            "jockey weight": "59.5",
            "trainer": "Greg Carige",
            "indicative odds": 12.9
        },
        {
            "silk": "https://static.tab.co.nz/silks/Raci-37-41-D5CC6203930973EFF73E51FC38412434.png",
            "form": "9X737",
            "index": 1,
            "name": "Ay Tee Emm",
            "barrier": "3",
            "jockey": "Kristy Bennett",
            "jockey weight": "62",
            "trainer": "Greg Cave",
            "indicative odds": 7.7
        }
    ]
}