{
    "event_id": "618869",
    "iso date": "2020-09-27",
    "meeting number": "M18",
    "meeting place": "Tamworth Races (NSW)",
    "race number": 1,
    "track": "Tamworth",
    "weather": "Fine",
    "event time": "Monday 03.35AM",
    "event name": "Tamworth Races (NSW)",
    "distance": 1200.0,
    "group": [
        {
            "silk": "https://static.tab.co.nz/silks/Raci-37-41-3F95ECF8C79B428D476E7EE3BCB3AD65.png",
            "form": "X68X7",
            "index": 14,
            "name": "You're Joking",
            "barrier": "5",
            "jockey": "Jacob Golden",
            "jockey weight": "57",
            "trainer": "John Bourke",
            "indicative odds": 6.6
        },
        {
            "silk": "https://static.tab.co.nz/silks/Raci-37-41-0AF83026A52B9E20F92251ED916236C9.png",
            "form": "8650X",
            "index": 12,
            "name": "The Okay Corral",
            "barrier": "4",
            "jockey": "Alysha Collett",
            "jockey weight": "57",
            "trainer": "Tracey Bartley",
            "indicative odds": 15.0
        },
        {
            "silk": "https://static.tab.co.nz/silks/Raci-37-41-2C9478BFC071C0CA8C00736E82E40230.png",
            "form": "0700X",
            "index": 10,
            "name": "Island Countess",
            "barrier": "8",
            "jockey": "Luke Cumberland",
            "jockey weight": "57",
            "trainer": "Grant Marshall",
            "indicative odds": 19.3
        },
        {
            "silk": "https://static.tab.co.nz/silks/Raci-37-41-0B81EAED9BA3D1F840E81CC946AC737A.png",
            "form": "",
            "index": 2,
            "name": "Euroworld",
            "barrier": "10",
            "jockey": "Shane S Arnold",
            "jockey weight": "57.5",
            "trainer": "Nathan Doyle",
            "indicative odds": 24.0
        },
        {
            "silk": "https://static.tab.co.nz/silks/Raci-37-41-AEEB2BCCF6BB31E56F7424A030D5E246.png",
            "form": "65497",
            "index": 17,
            "name": "Brazen Sequel",
            "barrier": "9",
            "jockey": "Mikayla Weir",
            "jockey weight": "57",
            "trainer": "Todd Howlett",
            "indicative odds": 9.3
        },
        {
            "silk": "https://static.tab.co.nz/silks/Raci-37-41-0CC345307A2B471752BC086DC5E1DA87.png",
            "form": "26825",
            "index": 7,
            "name": "Deed Of Gift",
            "barrier": "1",
            "jockey": "Billy Cray",
            "jockey weight": "57",
            "trainer": "Paul Perry",
            "indicative odds": 6.7
        },
        {
            "silk": "https://static.tab.co.nz/silks/Raci-37-41-39AA4CF5B1B16DDCB67E328CB7867AD4.png",
            "form": "888X8",
            "index": 18,
            "name": "Fiery Belle",
            "barrier": "6",
            "jockey": "Clayton Gallagher",
            "jockey weight": "57",
            "trainer": "Connie Greig",
            "indicative odds": 20.7
        },
        {
            "silk": "https://static.tab.co.nz/silks/Raci-37-41-71D5868F6676795E3DEA2CAE5E1C004B.png",
            "form": "4X4X7",
            "index": 16,
            "name": "Poet Lad",
            "barrier": "12",
            "jockey": "Ben Looker",
            "jockey weight": "57",
            "trainer": "Craig Martin",
            "indicative odds": 12.8
        },
        {
            "silk": "https://static.tab.co.nz/silks/Raci-37-41-89136890BD1A9ED7E2C5DAD4E6661484.png",
            "form": "33808",
            "index": 15,
            "name": "Love Wins",
            "barrier": "2",
            "jockey": "-",
            "jockey weight": "57",
            "trainer": "Damien Lane",
            "indicative odds": 0.0
        },
        {
            "silk": "https://static.tab.co.nz/silks/Raci-37-41-4CA8C413FA29B22100FA83FE653BAE82.png",
            "form": "265X2",
            "index": 13,
            "name": "Vol Au Vent",
            "barrier": "18",
            "jockey": "-",
            "jockey weight": "57",
            "trainer": "Tim McIntosh",
            "indicative odds": 0.0
        },
        {
            "silk": "https://static.tab.co.nz/silks/Raci-37-41-127B8C9506B37A6F15914515147A99B7.png",
            "form": "4X83",
            "index": 11,
            "name": "Taketheshot",
            "barrier": "13",
            "jockey": "Mitchell Bell",
            "jockey weight": "57",
            "trainer": "Mark Mason",
            "indicative odds": 9.7
        },
        {
            "silk": "https://static.tab.co.nz/silks/Raci-37-41-A363BF377FACCF5B6EEE91F48E6AFC5D.png",
            "form": "2",
            "index": 9,
            "name": "Half Hinch",
            "barrier": "15",
            "jockey": "Casey Waddell",
            "jockey weight": "57",
            "trainer": "Cody Morgan",
            "indicative odds": 0.0
        },
        {
            "silk": "https://static.tab.co.nz/silks/Raci-37-41-769C6B771D791DAF6DEC0AED20D9BD32.png",
            "form": "86",
            "index": 8,
            "name": "Every Last Penny",
            "barrier": "11",
            "jockey": "Ashley Morgan",
            "jockey weight": "57",
            "trainer": "Terry Wicks",
            "indicative odds": 23.1
        },
        {
            "silk": "https://static.tab.co.nz/silks/Raci-37-41-E1947325492299E200D2A46D7F9665F8.png",
            "form": "",
            "index": 6,
            "name": "Bulvius",
            "barrier": "3",
            "jockey": "Andrew Gibbons",
            "jockey weight": "57",
            "trainer": "Jason Deamer",
            "indicative odds": 31.0
        },
        {
            "silk": "https://static.tab.co.nz/silks/Raci-37-41-C8A89A35FC6BF8C006643D3D99736A86.png",
            "form": "86X",
            "index": 5,
            "name": "Booblay",
            "barrier": "14",
            "jockey": "Serg Lisnyy",
            "jockey weight": "57",
            "trainer": "Stephen Jones",
            "indicative odds": 26.2
        },
        {
            "silk": "https://static.tab.co.nz/silks/Raci-37-41-3F4CE1FD5465B4793BCD12311B20A2CF.png",
            "form": "25X63",
            "index": 4,
            "name": "Mister Ripley",
            "barrier": "2",
            "jockey": "Rachael Murray",
            "jockey weight": "57.5",
            "trainer": "Rodney Bailey",
            "indicative odds": 5.6
        },
        {
            "silk": "https://static.tab.co.nz/silks/Raci-37-41-2DAF9F7D24B8378E7A207BD64556467A.png",
            "form": "",
            "index": 3,
            "name": "Hooyah",
            "barrier": "7",
            "jockey": "Greg Ryan",
            "jockey weight": "57.5",
            "trainer": "David Atkins",
            "indicative odds": 11.8
        },
        {
            "silk": "https://static.tab.co.nz/silks/Raci-37-41-EFA0175AE0F361CE79E88CB3CB257980.png",
            "form": "",
            "index": 1,
            "name": "Irish Ocean",
            "barrier": "1",
            "jockey": "Daniel Northey",
            "jockey weight": "58",
            "trainer": "Andrew Robinson",
            "indicative odds": 0.0
        }
    ]
}