{
    "event_id": "619908",
    "iso date": "2020-09-27",
    "meeting number": "M13",
    "meeting place": "Moe Races (Vic)",
    "race number": 9,
    "track": "Moe",
    "weather": "Fine",
    "event time": "Monday 07.00AM",
    "event name": "Moe Races (Vic)",
    "distance": 2088.0,
    "group": [
        {
            "silk": "https://static.tab.co.nz/silks/Raci-37-41-48BE9A6447346E2C70B15100D15D926C.png",
            "form": "4P80P",
            "index": 14,
            "name": "The Ultimatum",
            "barrier": "1",
            "jockey": "-",
            "jockey weight": "56",
            "trainer": "Eric Musgrove",
            "indicative odds": 0.0
        },
        {
            "silk": "https://static.tab.co.nz/silks/Raci-37-41-4E5A9F2427187939DC9567FA023CFE0E.png",
            "form": "466X0",
            "index": 12,
            "name": "High Sierra",
            "barrier": "2",
            "jockey": "Craig Newitt",
            "jockey weight": "56",
            "trainer": "Luke Oliver",
            "indicative odds": 12.8
        },
        {
            "silk": "https://static.tab.co.nz/silks/Raci-37-41-FB0B1645D0EC047CB33DA38801802D15.png",
            "form": "X6434",
            "index": 4,
            "name": "Taikun Warrior",
            "barrier": "3",
            "jockey": "Patrick Moloney",
            "jockey weight": "60.5",
            "trainer": "Peter Gelagotis",
            "indicative odds": 4.2
        },
        {
            "silk": "https://static.tab.co.nz/silks/Raci-37-41-0937505BEF26A3EE91A607D891DC69D9.png",
            "form": "82183",
            "index": 3,
            "name": "Lochend Ocky",
            "barrier": "10",
            "jockey": "Matthew Allen",
            "jockey weight": "60.5",
            "trainer": "Paul Worthington",
            "indicative odds": 0.0
        },
        {
            "silk": "https://static.tab.co.nz/silks/Raci-37-41-C93E4094B1B57FA299536C3BA7B4774C.png",
            "form": "89856",
            "index": 7,
            "name": "Barossa Kiss",
            "barrier": "7",
            "jockey": "Brian Higgins",
            "jockey weight": "58",
            "trainer": "Matthew Brown",
            "indicative odds": 17.6
        },
        {
            "silk": "https://static.tab.co.nz/silks/Raci-37-41-F6B39D1004B2A14F1E239BAAA10209C3.png",
            "form": "09399",
            "index": 13,
            "name": "The Armani",
            "barrier": "4",
            "jockey": "Kate Walters",
            "jockey weight": "56.5",
            "trainer": "Wayne Walters",
            "indicative odds": 10.5
        },
        {
            "silk": "https://static.tab.co.nz/silks/Raci-37-41-1A93F5FD8859650D0ADADE792877C6C7.png",
            "form": "60224",
            "index": 1,
            "name": "Gold Ollie",
            "barrier": "5",
            "jockey": "Ben Allen",
            "jockey weight": "61.5",
            "trainer": "Darryl Blackshaw",
            "indicative odds": 5.0
        },
        {
            "silk": "https://static.tab.co.nz/silks/Raci-37-41-37097B7CB18D3C17375D986F4C2D5BC8.png",
            "form": "7X810",
            "index": 8,
            "name": "Black Butt Velvet",
            "barrier": "9",
            "jockey": "Arron Lynch",
            "jockey weight": "58",
            "trainer": "Shane Stockdale",
            "indicative odds": 16.4
        },
        {
            "silk": "https://static.tab.co.nz/silks/Raci-37-41-E5BEE6478B3EE9EBFC174C57555FBAAE.png",
            "form": "00008",
            "index": 2,
            "name": "Dandre",
            "barrier": "11",
            "jockey": "Joe Bowditch",
            "jockey weight": "61",
            "trainer": "Ian Pankhurst",
            "indicative odds": 17.8
        },
        {
            "silk": "https://static.tab.co.nz/silks/Raci-37-41-BABE19FB4C4CBB526EB78FC3E0D419C5.png",
            "form": "43146",
            "index": 9,
            "name": "Red Jewel Girl",
            "barrier": "5",
            "jockey": "Lucinda Boyd",
            "jockey weight": "58",
            "trainer": "Matt Cumani",
            "indicative odds": 0.0
        },
        {
            "silk": "https://static.tab.co.nz/silks/Raci-37-41-DC6AC02D50D6909D00A920B55182BFF3.png",
            "form": "X6971",
            "index": 11,
            "name": "Annalova",
            "barrier": "1",
            "jockey": "Emily Brown",
            "jockey weight": "57",
            "trainer": "Shane Bottomley",
            "indicative odds": 8.9
        },
        {
            "silk": "https://static.tab.co.nz/silks/Raci-37-41-A483794C98414A13254AA11F23A35830.png",
            "form": "64744",
            "index": 15,
            "name": "Moorabool",
            "barrier": "7",
            "jockey": "Michael Carson",
            "jockey weight": "56",
            "trainer": "Bryce Stanaway",
            "indicative odds": 0.0
        },
        {
            "silk": "https://static.tab.co.nz/silks/Raci-37-41-FE6EB2DA753BB5081BD3CE898DCEB93C.png",
            "form": "7X674",
            "index": 6,
            "name": "Elizano",
            "barrier": "13",
            "jockey": "Daniel Stackhouse",
            "jockey weight": "59.5",
            "trainer": "Matt Laurie",
            "indicative odds": 0.0
        },
        {
            "silk": "https://static.tab.co.nz/silks/Raci-37-41-639182B633971714125072645B5D1DAC.png",
            "form": "427X0",
            "index": 16,
            "name": "Just On Spec",
            "barrier": "8",
            "jockey": "Jade Darose",
            "jockey weight": "56",
            "trainer": "Steven Noble",
            "indicative odds": 73.6
        },
        {
            "silk": "https://static.tab.co.nz/silks/Raci-37-41-E6140873F7A99E1F830E757F50EE3B93.png",
            "form": "65249",
            "index": 10,
            "name": "Heartland Raider",
            "barrier": "6",
            "jockey": "M Cartwright",
            "jockey weight": "57.5",
            "trainer": "Charlie Gafa",
            "indicative odds": 8.4
        },
        {
            "silk": "https://static.tab.co.nz/silks/Raci-37-41-FFEF2263C71E06CD98EB7C36E10E116D.png",
            "form": "121X5",
            "index": 5,
            "name": "Delightful Forever",
            "barrier": "10",
            "jockey": "Teodore Nugent",
            "jockey weight": "60",
            "trainer": "Christine Sexton",
            "indicative odds": 6.8
        }
    ]
}