{
    "event_id": "619900",
    "iso date": "2020-09-27",
    "meeting number": "M13",
    "meeting place": "Moe Races (Vic)",
    "race number": 1,
    "track": "Moe",
    "weather": "Fine",
    "event time": "Monday 03.00AM",
    "event name": "Moe Races (Vic)",
    "distance": 1117.0,
    "group": [
        {
            "silk": "https://static.tab.co.nz/silks/Raci-37-41-F60EC91E224F7ACBB91929BA414B3D9A.png",
            "form": "0X",
            "index": 15,
            "name": "Charging Fire",
            "barrier": "1",
            "jockey": "Laura Lafferty",
            "jockey weight": "58",
            "trainer": "Byron Cozamanis",
            "indicative odds": 33.4
        },
        {
            "silk": "https://static.tab.co.nz/silks/Raci-37-41-65E277FA938D9B708A850791F68B778E.png",
            "form": "7X4",
            "index": 14,
            "name": "Joltin' Joe",
            "barrier": "2",
            "jockey": "Craig Newitt",
            "jockey weight": "58",
            "trainer": "P & T Templeton",
            "indicative odds": 14.8
        },
        {
            "silk": "https://static.tab.co.nz/silks/Raci-37-41-8D1FF13312FBB6B41C6AADAC016F84D2.png",
            "form": "",
            "index": 8,
            "name": "Morphling",
            "barrier": "6",
            "jockey": "Joe Bowditch",
            "jockey weight": "56",
            "trainer": "Lloyd Kennewell",
            "indicative odds": 14.6
        },
        {
            "silk": "https://static.tab.co.nz/silks/Raci-37-41-E9039A7B51010D85D1234C1754456F33.png",
            "form": "",
            "index": 6,
            "name": "Coffee Black",
            "barrier": "4",
            "jockey": "Carleen Hefel",
            "jockey weight": "56",
            "trainer": "Julien Welsh",
            "indicative odds": 0.0
        },
        {
            "silk": "https://static.tab.co.nz/silks/Raci-37-41-B2D252CE9EB71AEC8C2530ABDD95FA54.png",
            "form": "20X",
            "index": 13,
            "name": "Twist Of Fury",
            "barrier": "4",
            "jockey": "Beau Mertens",
            "jockey weight": "56",
            "trainer": "David Brideoake",
            "indicative odds": 4.7
        },
        {
            "silk": "https://static.tab.co.nz/silks/Raci-37-41-78F1414580B211054BF25B3BE845EA9F.png",
            "form": "",
            "index": 1,
            "name": "And Then",
            "barrier": "7",
            "jockey": "Jason Benbow",
            "jockey weight": "58",
            "trainer": "Eric Musgrove",
            "indicative odds": 31.9
        },
        {
            "silk": "https://static.tab.co.nz/silks/Raci-37-41-D20B36F58739FD3B1B99DB7EFA83FECA.png",
            "form": "0X",
            "index": 16,
            "name": "Cleo Bay",
            "barrier": "16",
            "jockey": "Michael Walker",
            "jockey weight": "56",
            "trainer": "Patrick Caboche",
            "indicative odds": 0.0
        },
        {
            "silk": "https://static.tab.co.nz/silks/Raci-37-41-15AD5441D1BC003B2B8F7B921B2CD6A6.png",
            "form": "435X",
            "index": 12,
            "name": "Johnny Thunder",
            "barrier": "14",
            "jockey": "Fred W Kersley",
            "jockey weight": "58",
            "trainer": "Michael Moroney",
            "indicative odds": 0.0
        },
        {
            "silk": "https://static.tab.co.nz/silks/Raci-37-41-F60EC91E224F7ACBB91929BA414B3D9A.png",
            "form": "47X65",
            "index": 11,
            "name": "Sea Witness",
            "barrier": "5",
            "jockey": "Noel Callow",
            "jockey weight": "58",
            "trainer": "Byron Cozamanis",
            "indicative odds": 4.5
        },
        {
            "silk": "https://static.tab.co.nz/silks/Raci-37-41-10BB64C110ABE7BB4D9911039C2E4EE0.png",
            "form": "",
            "index": 10,
            "name": "Tan Tat Spirit",
            "barrier": "12",
            "jockey": "Daniel Stackhouse",
            "jockey weight": "56",
            "trainer": "Phillip Stokes",
            "indicative odds": 0.0
        },
        {
            "silk": "https://static.tab.co.nz/silks/Raci-37-41-A0FCC95E856D2B6484C131727FA146DA.png",
            "form": "",
            "index": 9,
            "name": "Princess Mariah",
            "barrier": "8",
            "jockey": "Laura Lafferty",
            "jockey weight": "56",
            "trainer": "Shane Stockdale",
            "indicative odds": 0.0
        },
        {
            "silk": "https://static.tab.co.nz/silks/Raci-37-41-597D5AC7BE1027776425EF7A81DFC701.png",
            "form": "",
            "index": 7,
            "name": "Legerdemain",
            "barrier": "3",
            "jockey": "Jake Noonan",
            "jockey weight": "56",
            "trainer": "Rebecca Waymouth",
            "indicative odds": 17.4
        },
        {
            "silk": "https://static.tab.co.nz/silks/Raci-37-41-5EA7201DC7A4DE18A1BA36C837F79090.png",
            "form": "",
            "index": 5,
            "name": "Tall Boy",
            "barrier": "1",
            "jockey": "Michael Poy",
            "jockey weight": "58",
            "trainer": "P & P Snowden",
            "indicative odds": 0.0
        },
        {
            "silk": "https://static.tab.co.nz/silks/Raci-37-41-FB79571CFA1DB2B8EBEB9DDC0FB4206B.png",
            "form": "",
            "index": 4,
            "name": "Stewart Of Liberty",
            "barrier": "15",
            "jockey": "Jason Maskiell",
            "jockey weight": "58",
            "trainer": "Charlotte Littlefield",
            "indicative odds": 0.0
        },
        {
            "silk": "https://static.tab.co.nz/silks/Raci-37-41-BF9127A8E39403722EA99C53F2495B27.png",
            "form": "",
            "index": 3,
            "name": "Prince Of Mercia",
            "barrier": "8",
            "jockey": "Jamie Kah",
            "jockey weight": "58",
            "trainer": "Clayton Douglas",
            "indicative odds": 2.0
        },
        {
            "silk": "https://static.tab.co.nz/silks/Raci-37-41-BEB7E0FAE8B1A0FC261286D39AF45DEA.png",
            "form": "0X75X",
            "index": 2,
            "name": "Chilliwack",
            "barrier": "6",
            "jockey": "Brad Rawiller",
            "jockey weight": "58",
            "trainer": "James Cummings",
            "indicative odds": 0.0
        }
    ]
}