{
    "event_id": "618871",
    "iso date": "2020-09-27",
    "meeting number": "M18",
    "meeting place": "Tamworth Races (NSW)",
    "race number": 3,
    "track": "Tamworth",
    "weather": "Fine",
    "event time": "Monday 04.50AM",
    "event name": "Tamworth Races (NSW)",
    "distance": 1600.0,
    "group": [
        {
            "silk": "https://static.tab.co.nz/silks/Raci-37-41-A0AD84CB3536596FFE17762DF826B4B2.png",
            "form": "98619",
            "index": 9,
            "name": "Gold Skye",
            "barrier": "2",
            "jockey": "Mitchell Bell",
            "jockey weight": "55.5",
            "trainer": "Geoff O'Brien",
            "indicative odds": 0.0
        },
        {
            "silk": "https://static.tab.co.nz/silks/Raci-37-41-39AA4CF5B1B16DDCB67E328CB7867AD4.png",
            "form": "88165",
            "index": 11,
            "name": "Naoko",
            "barrier": "7",
            "jockey": "Rachael Murray",
            "jockey weight": "55",
            "trainer": "Connie Greig",
            "indicative odds": 22.1
        },
        {
            "silk": "https://static.tab.co.nz/silks/Raci-37-41-F9AE160689684BD228861DB1555049D5.png",
            "form": "40186",
            "index": 5,
            "name": "Apache Junction",
            "barrier": "8",
            "jockey": "Ben Looker",
            "jockey weight": "57.5",
            "trainer": "Todd Howlett",
            "indicative odds": 12.8
        },
        {
            "silk": "https://static.tab.co.nz/silks/Raci-37-41-53B509871A4A577089EC66192B5B473A.png",
            "form": "37076",
            "index": 1,
            "name": "Leardo",
            "barrier": "1",
            "jockey": "Alysha Collett",
            "jockey weight": "61.5",
            "trainer": "William Freedman",
            "indicative odds": 0.0
        },
        {
            "silk": "https://static.tab.co.nz/silks/Raci-37-41-C8AE260C14D2E6D29D7B3A0363A8FE26.png",
            "form": "X8858",
            "index": 4,
            "name": "Equilibrium",
            "barrier": "2",
            "jockey": "Mikayla Weir",
            "jockey weight": "59",
            "trainer": "Connie Greig",
            "indicative odds": 7.1
        },
        {
            "silk": "https://static.tab.co.nz/silks/Raci-37-41-12D5A7AC146B131EC6B42F77553ABC7F.png",
            "form": "80063",
            "index": 10,
            "name": "Smart Style",
            "barrier": "1",
            "jockey": "Jake Pracey-Holmes",
            "jockey weight": "55",
            "trainer": "Dale Wagstaff",
            "indicative odds": 8.9
        },
        {
            "silk": "https://static.tab.co.nz/silks/Raci-37-41-9334284CAB48A9C63F130B32D80C8AE9.png",
            "form": "08554",
            "index": 8,
            "name": "Mbappe",
            "barrier": "3",
            "jockey": "Andrew Gibbons",
            "jockey weight": "56",
            "trainer": "Kris Lees",
            "indicative odds": 4.3
        },
        {
            "silk": "https://static.tab.co.nz/silks/Raci-37-41-9EEC13D9E116E9DB0E139FF6EB9F5F89.png",
            "form": "86272",
            "index": 7,
            "name": "Fearless Mila",
            "barrier": "5",
            "jockey": "Qin Yong",
            "jockey weight": "56",
            "trainer": "Damien Lane",
            "indicative odds": 14.3
        },
        {
            "silk": "https://static.tab.co.nz/silks/Raci-37-41-E9D34174378297A9042E8E1CFD5C5B45.png",
            "form": "77621",
            "index": 6,
            "name": "Wadi Musa",
            "barrier": "6",
            "jockey": "Greg Ryan",
            "jockey weight": "57",
            "trainer": "Peter H Bloomfield",
            "indicative odds": 4.6
        },
        {
            "silk": "https://static.tab.co.nz/silks/Raci-37-41-334BEAF504BF02BA696116EBE1FA91A7.png",
            "form": "210X6",
            "index": 3,
            "name": "The Premier",
            "barrier": "6",
            "jockey": null,
            "jockey weight": "59.5",
            "trainer": "Kris Lees",
            "indicative odds": 0.0
        },
        {
            "silk": "https://static.tab.co.nz/silks/Raci-37-41-88C1B02CC44FDE5C112D297B116A54CC.png",
            "form": "08X02",
            "index": 2,
            "name": "Onemorechoice",
            "barrier": "4",
            "jockey": "Serg Lisnyy",
            "jockey weight": "60",
            "trainer": "Troy O'Neile",
            "indicative odds": 3.6
        }
    ]
}