{
    "event_id": "619023",
    "iso date": "2020-09-27",
    "meeting number": "M16",
    "meeting place": "Belmont Races (WA)",
    "race number": 8,
    "track": "Belmont",
    "weather": "Showery",
    "event time": "Monday 09.15AM",
    "event name": "Belmont Races (WA)",
    "distance": 1400.0,
    "group": [
        {
            "silk": "https://static.tab.co.nz/silks/Raci-37-41-BE0E9C62436AA254FA339B38066FC199.png",
            "form": "611X",
            "index": 9,
            "name": "Ruby Jean",
            "barrier": "7",
            "jockey": "Mitchell Pateman",
            "jockey weight": "57.5",
            "trainer": "Adam Durrant",
            "indicative odds": 4.7
        },
        {
            "silk": "https://static.tab.co.nz/silks/Raci-37-41-BC8C5873A5F09DC6E466C214428DC3F6.png",
            "form": "87X62",
            "index": 8,
            "name": "Censure",
            "barrier": "5",
            "jockey": "Chris Parnham",
            "jockey weight": "57.5",
            "trainer": "Darren McAuliffe",
            "indicative odds": 6.3
        },
        {
            "silk": "https://static.tab.co.nz/silks/Raci-37-41-EB12C4A0ED4024AFCB01C9B2938BC41B.png",
            "form": "30128",
            "index": 4,
            "name": "Divine Quest",
            "barrier": "7",
            "jockey": "Troy Turner",
            "jockey weight": "58.5",
            "trainer": "Colin Webster",
            "indicative odds": 0.0
        },
        {
            "silk": "https://static.tab.co.nz/silks/Raci-37-41-58362DAA6745DC9299DECD40A1B9B92D.png",
            "form": "19X16",
            "index": 3,
            "name": "Sans Le Sou",
            "barrier": "4",
            "jockey": "Peter Hall",
            "jockey weight": "59",
            "trainer": "Adam Durrant",
            "indicative odds": 0.0
        },
        {
            "silk": "https://static.tab.co.nz/silks/Raci-37-41-40D7AA7E85F98CEFA7C0E67A00DEBD95.png",
            "form": "160X5",
            "index": 5,
            "name": "Glamour Packed",
            "barrier": "11",
            "jockey": "Jordan Turner",
            "jockey weight": "58.5",
            "trainer": "Colin Webster",
            "indicative odds": 8.8
        },
        {
            "silk": "https://static.tab.co.nz/silks/Raci-37-41-5BABEB847B1A1926B64BDADF2B8F9514.png",
            "form": "X9321",
            "index": 6,
            "name": "Smile For Me",
            "barrier": "3",
            "jockey": "Laqdar Ramoly",
            "jockey weight": "58.5",
            "trainer": "Vernon Brockman",
            "indicative odds": 8.7
        },
        {
            "silk": "https://static.tab.co.nz/silks/Raci-37-41-3E27FD5F28C2FCFF2FFF6F3D9346E3B7.png",
            "form": "X9075",
            "index": 11,
            "name": "Caerhelan",
            "barrier": "4",
            "jockey": "Clint Johnston-Porter",
            "jockey weight": "56.5",
            "trainer": "Ross Price",
            "indicative odds": 11.1
        },
        {
            "silk": "https://static.tab.co.nz/silks/Raci-37-41-BB2676E6C1FEBE33093490607F4E77CF.png",
            "form": "719X3",
            "index": 12,
            "name": "Best Suspect",
            "barrier": "10",
            "jockey": "Jade McNaught",
            "jockey weight": "56",
            "trainer": "Jayce Buckley",
            "indicative odds": 19.3
        },
        {
            "silk": "https://static.tab.co.nz/silks/Raci-37-41-F46FAA350D0667FCAC689D2D2D73D054.png",
            "form": "26664",
            "index": 13,
            "name": "Alcina",
            "barrier": "9",
            "jockey": "Craig Staples",
            "jockey weight": "55.5",
            "trainer": "Paul Jordan",
            "indicative odds": 14.8
        },
        {
            "silk": "https://static.tab.co.nz/silks/Raci-37-41-7C8E040FB5A1CF48159FD36F34144B2D.png",
            "form": "0X341",
            "index": 10,
            "name": "Miss Marietta",
            "barrier": "1",
            "jockey": "Hannah Fitzgerald",
            "jockey weight": "57",
            "trainer": "Brett Pope",
            "indicative odds": 8.8
        },
        {
            "silk": "https://static.tab.co.nz/silks/Raci-37-41-1670401B52703F9C160DB8CAFF98BA6B.png",
            "form": "32710",
            "index": 7,
            "name": "Looks Like Magic",
            "barrier": "2",
            "jockey": "Kyra Yuill",
            "jockey weight": "58",
            "trainer": "Tracey Diederich",
            "indicative odds": 8.6
        },
        {
            "silk": "https://static.tab.co.nz/silks/Raci-37-41-06AD898A876D42B63CEA9C1C9F8F9064.png",
            "form": "240X9",
            "index": 2,
            "name": "Oihana",
            "barrier": "6",
            "jockey": "Lucy Warwick",
            "jockey weight": "59",
            "trainer": "Ivan Haggerty",
            "indicative odds": 11.6
        },
        {
            "silk": "https://static.tab.co.nz/silks/Raci-37-41-E19A2DF87441891A4439EAB0AF4FF1C2.png",
            "form": "1230X",
            "index": 1,
            "name": "Deputano",
            "barrier": "8",
            "jockey": "Brad Parnham",
            "jockey weight": "59",
            "trainer": "Lindsey Smith",
            "indicative odds": 19.5
        }
    ]
}