{
    "event_id": "619020",
    "iso date": "2020-09-27",
    "meeting number": "M16",
    "meeting place": "Belmont Races (WA)",
    "race number": 5,
    "track": "Belmont",
    "weather": "Showery",
    "event time": "Monday 07.27AM",
    "event name": "Belmont Races (WA)",
    "distance": 2100.0,
    "group": [
        {
            "silk": "https://static.tab.co.nz/silks/Raci-37-41-511C737C5B5E3EC9995A401B0F7561E5.png",
            "form": "95221",
            "index": 6,
            "name": "Xan Bio",
            "barrier": "12",
            "jockey": "Alan Kennedy",
            "jockey weight": "58",
            "trainer": "Anne King",
            "indicative odds": 4.7
        },
        {
            "silk": "https://static.tab.co.nz/silks/Raci-37-41-667E8C214574C5EFD947068E8497D51D.png",
            "form": "X1254",
            "index": 1,
            "name": "Great Waters",
            "barrier": "13",
            "jockey": "Laqdar Ramoly",
            "jockey weight": "60",
            "trainer": "Martin Allan",
            "indicative odds": 10.2
        },
        {
            "silk": "https://static.tab.co.nz/silks/Raci-37-41-019FB1B401EA69780C6674AD6F2A30C9.png",
            "form": "07080",
            "index": 14,
            "name": "Shecky's Mate",
            "barrier": "10",
            "jockey": "Chloe Azzopardi",
            "jockey weight": "54",
            "trainer": "Don Hale",
            "indicative odds": 49.8
        },
        {
            "silk": "https://static.tab.co.nz/silks/Raci-37-41-D6C72DA0BD79682974DD05AC8B8FCF67.png",
            "form": "9X900",
            "index": 11,
            "name": "More Bxaar",
            "barrier": "1",
            "jockey": "Patrick Carbery",
            "jockey weight": "54",
            "trainer": "John Stampalia",
            "indicative odds": 32.2
        },
        {
            "silk": "https://static.tab.co.nz/silks/Raci-37-41-CFC868AF0AB0DF279A50D35149B0128A.png",
            "form": "22222",
            "index": 2,
            "name": "American Soul",
            "barrier": "7",
            "jockey": "Ryan Hill",
            "jockey weight": "59.5",
            "trainer": "Vernon Brockman",
            "indicative odds": 5.3
        },
        {
            "silk": "https://static.tab.co.nz/silks/Raci-37-41-E2961B822DC3F7681F69FF81831E45DB.png",
            "form": "85633",
            "index": 3,
            "name": "Midnight Black",
            "barrier": "4",
            "jockey": "Brad Parnham",
            "jockey weight": "59",
            "trainer": "Michelle Blanke",
            "indicative odds": 12.9
        },
        {
            "silk": "https://static.tab.co.nz/silks/Raci-37-41-57C6CB8C046BBAE91E6A52936F119A6A.png",
            "form": "57323",
            "index": 4,
            "name": "Burn One Down",
            "barrier": "10",
            "jockey": "Madi Derrick",
            "jockey weight": "58.5",
            "trainer": "Adam Durrant",
            "indicative odds": 0.0
        },
        {
            "silk": "https://static.tab.co.nz/silks/Raci-37-41-233A5489C4B4787FB7D1EC263A91E2FF.png",
            "form": "X6410",
            "index": 5,
            "name": "Black Wing",
            "barrier": "5",
            "jockey": "Joseph Azzopardi",
            "jockey weight": "58",
            "trainer": "D & B Pearce",
            "indicative odds": 8.2
        },
        {
            "silk": "https://static.tab.co.nz/silks/Raci-37-41-1B8968B120E7D59BA4A935AF4CE31317.png",
            "form": "X8664",
            "index": 7,
            "name": "Top Trade",
            "barrier": "3",
            "jockey": "Chris Parnham",
            "jockey weight": "57",
            "trainer": "Michael Grantham",
            "indicative odds": 11.5
        },
        {
            "silk": "https://static.tab.co.nz/silks/Raci-37-41-BD12341338FCB7445BF3AC787F84B853.png",
            "form": "89317",
            "index": 8,
            "name": "Royal Choisir",
            "barrier": "8",
            "jockey": "Clint Johnston-Porter",
            "jockey weight": "56",
            "trainer": "Vaughn Sigley",
            "indicative odds": 5.8
        },
        {
            "silk": "https://static.tab.co.nz/silks/Raci-37-41-C2FFC396FC2EC07CCDB468372B043AFF.png",
            "form": "0887",
            "index": 9,
            "name": "Strike At Midnight",
            "barrier": "9",
            "jockey": "Ben Paterson",
            "jockey weight": "56",
            "trainer": "Peter Morley",
            "indicative odds": 21.5
        },
        {
            "silk": "https://static.tab.co.nz/silks/Raci-37-41-4A7F89ABDEE9B4F65C92508C30976C30.png",
            "form": "84389",
            "index": 10,
            "name": "Ahyoka Frost",
            "barrier": "6",
            "jockey": "Steven Parnham",
            "jockey weight": "54",
            "trainer": "Stefan Vahala",
            "indicative odds": 21.1
        },
        {
            "silk": "https://static.tab.co.nz/silks/Raci-37-41-3E9DE3C59F01E335AB3A17DEBE5AAFFC.png",
            "form": "89090",
            "index": 13,
            "name": "Saxy Filly",
            "barrier": "11",
            "jockey": "Kristy Bennett",
            "jockey weight": "54",
            "trainer": "Meesha Logan",
            "indicative odds": 53.8
        },
        {
            "silk": "https://static.tab.co.nz/silks/Raci-37-41-8620783D1DD05637E3960426486CD626.png",
            "form": "7X005",
            "index": 12,
            "name": "Polite Pass",
            "barrier": "2",
            "jockey": "Jade McNaught",
            "jockey weight": "54",
            "trainer": "Kylie Pisconeri",
            "indicative odds": 18.0
        }
    ]
}