{
    "event_id": "619022",
    "iso date": "2020-09-27",
    "meeting number": "M16",
    "meeting place": "Belmont Races (WA)",
    "race number": 7,
    "track": "Belmont",
    "weather": "Showery",
    "event time": "Monday 08.40AM",
    "event name": "Belmont Races (WA)",
    "distance": 1000.0,
    "group": [
        {
            "silk": "https://static.tab.co.nz/silks/Raci-37-41-B12EE4A638E49DC4A1D196B75C104A83.png",
            "form": "314X4",
            "index": 5,
            "name": "Black Dynamite",
            "barrier": "3",
            "jockey": "Victoria Corver",
            "jockey weight": "56.5",
            "trainer": "Sarah Childs",
            "indicative odds": 8.4
        },
        {
            "silk": "https://static.tab.co.nz/silks/Raci-37-41-AAA20990FC2C7684B359EB2FC3273B25.png",
            "form": "3241X",
            "index": 3,
            "name": "Shackleton",
            "barrier": "7",
            "jockey": "Shaun O'Donnell",
            "jockey weight": "59.5",
            "trainer": "Chris & Michael Gangemi",
            "indicative odds": 3.9
        },
        {
            "silk": "https://static.tab.co.nz/silks/Raci-37-41-290BC4A42F00F61AC2F3CCD3E3D0ACF0.png",
            "form": "8X950",
            "index": 10,
            "name": "Dia de La Raza",
            "barrier": "5",
            "jockey": "Patrick Carbery",
            "jockey weight": "55.5",
            "trainer": "Vaughn Sigley",
            "indicative odds": 18.9
        },
        {
            "silk": "https://static.tab.co.nz/silks/Raci-37-41-E070F14E806FD5570455F458A3AF0588.png",
            "form": "33166",
            "index": 8,
            "name": "She's Vital",
            "barrier": "9",
            "jockey": "Jade McNaught",
            "jockey weight": "56",
            "trainer": "Fenella Martin",
            "indicative odds": 5.8
        },
        {
            "silk": "https://static.tab.co.nz/silks/Raci-37-41-9B7162AF61D9FD97BA8336ECCD7D9C73.png",
            "form": "0X43X",
            "index": 6,
            "name": "Checkers",
            "barrier": "10",
            "jockey": "Jason Whiting",
            "jockey weight": "56.5",
            "trainer": "Monica Tyson",
            "indicative odds": 26.7
        },
        {
            "silk": "https://static.tab.co.nz/silks/Raci-37-41-954284DAA349B6FF093A08BBC6C626AB.png",
            "form": "2475X",
            "index": 7,
            "name": "Morgs Freeman",
            "barrier": "2",
            "jockey": "Brad Parnham",
            "jockey weight": "56",
            "trainer": "Todd Harvey",
            "indicative odds": 0.0
        },
        {
            "silk": "https://static.tab.co.nz/silks/Raci-37-41-A9C3EA04A4C8BED43F3E93725090DAFD.png",
            "form": "465X1",
            "index": 11,
            "name": "Artic Blue",
            "barrier": "1",
            "jockey": "Troy Turner",
            "jockey weight": "54.5",
            "trainer": "Keith Reeves",
            "indicative odds": 8.2
        },
        {
            "silk": "https://static.tab.co.nz/silks/Raci-37-41-2BDB6A8D42D2D72DBA619AD5431A2416.png",
            "form": "56525",
            "index": 1,
            "name": "Night Voyage",
            "barrier": "8",
            "jockey": "Laqdar Ramoly",
            "jockey weight": "63",
            "trainer": "Martin Allan",
            "indicative odds": 9.1
        },
        {
            "silk": "https://static.tab.co.nz/silks/Raci-37-41-0AB2DE8FE349DE96DD35C5F88E0FB719.png",
            "form": "7114X",
            "index": 9,
            "name": "Time To Sizzle",
            "barrier": "6",
            "jockey": "Chris Parnham",
            "jockey weight": "56",
            "trainer": "Martin Allan",
            "indicative odds": 5.4
        },
        {
            "silk": "https://static.tab.co.nz/silks/Raci-37-41-57E6925283DDB12114ABA1CE406CAB1F.png",
            "form": "45703",
            "index": 12,
            "name": "Miss Harley Quinn",
            "barrier": "2",
            "jockey": "Madi Derrick",
            "jockey weight": "54",
            "trainer": "Graeme Ayres",
            "indicative odds": 23.3
        },
        {
            "silk": "https://static.tab.co.nz/silks/Raci-37-41-4C288BED57B832B67BD660FBA6D4426F.png",
            "form": "0X943",
            "index": 4,
            "name": "Get Over It",
            "barrier": "4",
            "jockey": "Mitchell Pateman",
            "jockey weight": "58",
            "trainer": "Adam Durrant",
            "indicative odds": 0.0
        },
        {
            "silk": "https://static.tab.co.nz/silks/Raci-37-41-D907B71ED22C55819316723522007B68.png",
            "form": "62288",
            "index": 2,
            "name": "Mia Dolce",
            "barrier": "4",
            "jockey": "Chloe Azzopardi",
            "jockey weight": "59.5",
            "trainer": "Jayce Buckley",
            "indicative odds": 12.1
        }
    ]
}