{
    "event_id": "619016",
    "iso date": "2020-09-27",
    "meeting number": "M16",
    "meeting place": "Belmont Races (WA)",
    "race number": 1,
    "track": "Belmont",
    "weather": "Showery",
    "event time": "Monday 04.57AM",
    "event name": "Belmont Races (WA)",
    "distance": 1200.0,
    "group": [
        {
            "silk": "https://static.tab.co.nz/silks/Raci-37-41-52C39EE62FEA9C56A5AB7C6A0066895B.png",
            "form": "",
            "index": 4,
            "name": "Keytrade",
            "barrier": "13",
            "jockey": "Clint Johnston-Porter",
            "jockey weight": "58",
            "trainer": "Vaughn Sigley",
            "indicative odds": 14.4
        },
        {
            "silk": "https://static.tab.co.nz/silks/Raci-37-41-85B3AB484FA4DCBF68FC46BD422525C5.png",
            "form": "34X6",
            "index": 12,
            "name": "Vital Times",
            "barrier": "4",
            "jockey": "Shaun O'Donnell",
            "jockey weight": "53.5",
            "trainer": "Fenella Martin",
            "indicative odds": 11.5
        },
        {
            "silk": "https://static.tab.co.nz/silks/Raci-37-41-9FDD3E2281F8E053DDBD1B8D1F0CDF57.png",
            "form": "33X26",
            "index": 11,
            "name": "Hell's Belle",
            "barrier": "2",
            "jockey": "Craig Staples",
            "jockey weight": "53.5",
            "trainer": "Rhys Radford",
            "indicative odds": 8.8
        },
        {
            "silk": "https://static.tab.co.nz/silks/Raci-37-41-3CB2344F945371191B63332DB922728D.png",
            "form": "6605",
            "index": 1,
            "name": "Yankee Lima",
            "barrier": "10",
            "jockey": "Chris Parnham",
            "jockey weight": "58",
            "trainer": "Rhys Radford",
            "indicative odds": 23.2
        },
        {
            "silk": "https://static.tab.co.nz/silks/Raci-37-41-640700B6C80871761D4A21E350D8183C.png",
            "form": "60X67",
            "index": 6,
            "name": "Annarule",
            "barrier": "7",
            "jockey": "Lucy Warwick",
            "jockey weight": "56",
            "trainer": "Nakita Barber",
            "indicative odds": 40.7
        },
        {
            "silk": "https://static.tab.co.nz/silks/Raci-37-41-75575C57A151AA74BCD488A38CBBD2AF.png",
            "form": "37",
            "index": 8,
            "name": "Natural Airchief",
            "barrier": "3",
            "jockey": "Jade McNaught",
            "jockey weight": "55.5",
            "trainer": "Dion Luciani",
            "indicative odds": 9.7
        },
        {
            "silk": "https://static.tab.co.nz/silks/Raci-37-41-CFAF41536BF618979A16733C015D97EF.png",
            "form": "698X5",
            "index": 13,
            "name": "Sunny Belle",
            "barrier": "9",
            "jockey": "Troy Turner",
            "jockey weight": "53.5",
            "trainer": "Jason Pateman",
            "indicative odds": 19.0
        },
        {
            "silk": "https://static.tab.co.nz/silks/Raci-37-41-683FF5FF0995A5E4BC11C032A6BB5165.png",
            "form": "",
            "index": 14,
            "name": "Bondonna",
            "barrier": "11",
            "jockey": "Alan Kennedy",
            "jockey weight": "53.5",
            "trainer": "Trevor Andrews",
            "indicative odds": 0.0
        },
        {
            "silk": "https://static.tab.co.nz/silks/Raci-37-41-2B33D251D655364125EFC79E8FB50FD1.png",
            "form": "",
            "index": 10,
            "name": "Gallant Ranger",
            "barrier": "1",
            "jockey": "Kyra Yuill",
            "jockey weight": "55.5",
            "trainer": "Michael Lane",
            "indicative odds": 8.1
        },
        {
            "silk": "https://static.tab.co.nz/silks/Raci-37-41-F20ECFA881F9C6C3B6B97202478B4A18.png",
            "form": "",
            "index": 9,
            "name": "Fletcher Road",
            "barrier": "12",
            "jockey": "Ryan Hill",
            "jockey weight": "55.5",
            "trainer": "Bob McPherson",
            "indicative odds": 39.0
        },
        {
            "silk": "https://static.tab.co.nz/silks/Raci-37-41-3AAF5D0C37CBE8EA229257CC7CAA1E71.png",
            "form": "2X",
            "index": 7,
            "name": "Bragwell",
            "barrier": "6",
            "jockey": "Shaun McGruddy",
            "jockey weight": "55.5",
            "trainer": "Steve Wolfe",
            "indicative odds": 2.4
        },
        {
            "silk": "https://static.tab.co.nz/silks/Raci-37-41-667E8C214574C5EFD947068E8497D51D.png",
            "form": "7335X",
            "index": 5,
            "name": "Doowahdiddy",
            "barrier": "8",
            "jockey": "Mitchell Pateman",
            "jockey weight": "56",
            "trainer": "Martin Allan",
            "indicative odds": 14.0
        },
        {
            "silk": "https://static.tab.co.nz/silks/Raci-37-41-7CC46C95110B1E59EDC4621B1770E36B.png",
            "form": "6664X",
            "index": 3,
            "name": "Sly As A Fox",
            "barrier": "5",
            "jockey": "Jerry J Noske",
            "jockey weight": "58",
            "trainer": "Fenella Martin",
            "indicative odds": 26.8
        },
        {
            "silk": "https://static.tab.co.nz/silks/Raci-37-41-17C39F1B3D063C04C0AE5842E8D083E8.png",
            "form": "68508",
            "index": 2,
            "name": "Phoenix of Wit",
            "barrier": "11",
            "jockey": "Simone Altieri",
            "jockey weight": "58",
            "trainer": "Kayla Farrell",
            "indicative odds": 66.7
        }
    ]
}