{
    "event_id": "618852",
    "iso date": "2020-09-27",
    "meeting number": "M17",
    "meeting place": "Leeton Races (NSW)",
    "race number": 1,
    "track": "Leeton",
    "weather": "Fine",
    "event time": "Monday 03.55AM",
    "event name": "Leeton Races (NSW)",
    "distance": 1050.0,
    "group": [
        {
            "silk": "https://static.tab.co.nz/silks/Raci-37-41-B40BA105C89BC3E331D2382333614C09.png",
            "form": "",
            "index": 9,
            "name": "Victory Idol",
            "barrier": "8",
            "jockey": "Richard Bensley",
            "jockey weight": "56",
            "trainer": "Gary Colvin",
            "indicative odds": 15.2
        },
        {
            "silk": "https://static.tab.co.nz/silks/Raci-37-41-038D08DEB5E6CAECF53BF28697943269.png",
            "form": "",
            "index": 2,
            "name": "Gracious Knight",
            "barrier": "2",
            "jockey": "Simon Miller",
            "jockey weight": "57.5",
            "trainer": "E & L Longmire",
            "indicative odds": 7.7
        },
        {
            "silk": "https://static.tab.co.nz/silks/Raci-37-41-571380E18559F1C759D05236423E02CE.png",
            "form": "5799X",
            "index": 3,
            "name": "Bycromac",
            "barrier": "4",
            "jockey": "Michael Heagney",
            "jockey weight": "56",
            "trainer": "John Rolfe",
            "indicative odds": 0.0
        },
        {
            "silk": "https://static.tab.co.nz/silks/Raci-37-41-BCAFAF2BC0E6B345AEB8D4E78AF73373.png",
            "form": "",
            "index": 6,
            "name": "Evanora",
            "barrier": "6",
            "jockey": "Blaike McDougall",
            "jockey weight": "56",
            "trainer": "Luke Pepper",
            "indicative odds": 2.1
        },
        {
            "silk": "https://static.tab.co.nz/silks/Raci-37-41-139917DAC2EEFF0604E4A573EC627ABF.png",
            "form": "40",
            "index": 8,
            "name": "Keep It Down",
            "barrier": "7",
            "jockey": "Ellen Hennessy",
            "jockey weight": "56",
            "trainer": "Norm Gardner",
            "indicative odds": 12.9
        },
        {
            "silk": "https://static.tab.co.nz/silks/Raci-37-41-DBA16BEF92F04294BEAEE39436264F98.png",
            "form": "68405",
            "index": 7,
            "name": "Kah Tee Uh",
            "barrier": "4",
            "jockey": "Bradley Vale",
            "jockey weight": "56",
            "trainer": "Peter Clancy",
            "indicative odds": 16.8
        },
        {
            "silk": "https://static.tab.co.nz/silks/Raci-37-41-7B9A6712594B08EAAE151F34A026CD2E.png",
            "form": "0244X",
            "index": 5,
            "name": "Eastern Breeze",
            "barrier": "3",
            "jockey": "Josh Richards",
            "jockey weight": "56",
            "trainer": "Peter Clancy",
            "indicative odds": 5.8
        },
        {
            "silk": "https://static.tab.co.nz/silks/Raci-37-41-B40BA105C89BC3E331D2382333614C09.png",
            "form": "309X3",
            "index": 4,
            "name": "Clever Connection",
            "barrier": "5",
            "jockey": "Jordan Mallyon",
            "jockey weight": "56",
            "trainer": "Gary Colvin",
            "indicative odds": 8.0
        },
        {
            "silk": "https://static.tab.co.nz/silks/Raci-37-41-E89FB4DB82E335F72F09DA0C3C263A10.png",
            "form": "80",
            "index": 1,
            "name": "Cheshire",
            "barrier": "1",
            "jockey": "Mathew Cahill",
            "jockey weight": "58",
            "trainer": "Michael Lynch",
            "indicative odds": 13.1
        }
    ]
}