{
    "event_id": "618853",
    "iso date": "2020-09-27",
    "meeting number": "M17",
    "meeting place": "Leeton Races (NSW)",
    "race number": 2,
    "track": "Leeton",
    "weather": "Fine",
    "event time": "Monday 04.35AM",
    "event name": "Leeton Races (NSW)",
    "distance": 1900.0,
    "group": [
        {
            "silk": "https://static.tab.co.nz/silks/Raci-37-41-D91D40C1BC95E41B5D65F1D2518D629F.png",
            "form": "90737",
            "index": 3,
            "name": "Shadow of Mordor",
            "barrier": "8",
            "jockey": "Richard Bensley",
            "jockey weight": "59",
            "trainer": "Gino D'Altorio",
            "indicative odds": 21.7
        },
        {
            "silk": "https://static.tab.co.nz/silks/Raci-37-41-E36BDEBA7E11341B55691EC1C951E907.png",
            "form": "4X003",
            "index": 4,
            "name": "Snatcha",
            "barrier": "5",
            "jockey": "Bradley Vale",
            "jockey weight": "59",
            "trainer": "Wayne Marsden",
            "indicative odds": 21.6
        },
        {
            "silk": "https://static.tab.co.nz/silks/Raci-37-41-CEB25D70B862DCAB3AFBE69D190AC08F.png",
            "form": "62233",
            "index": 6,
            "name": "Sunstone",
            "barrier": "2",
            "jockey": "Aaron Sweeney",
            "jockey weight": "57",
            "trainer": "Matthew Dale",
            "indicative odds": 1.8
        },
        {
            "silk": "https://static.tab.co.nz/silks/Raci-37-41-7BB5B8ADA8A00002D3283141187B4FC7.png",
            "form": "3X239",
            "index": 7,
            "name": "Zarafah",
            "barrier": "4",
            "jockey": "Simon Miller",
            "jockey weight": "57",
            "trainer": "E & L Longmire",
            "indicative odds": 8.9
        },
        {
            "silk": "https://static.tab.co.nz/silks/Raci-37-41-77B25F8599BD8B028D336A3505129491.png",
            "form": "22180",
            "index": 2,
            "name": "Cape Cluster",
            "barrier": "7",
            "jockey": "Blaike McDougall",
            "jockey weight": "59",
            "trainer": "Kerry Weir",
            "indicative odds": 6.9
        },
        {
            "silk": "https://static.tab.co.nz/silks/Raci-37-41-0703A0230B76033989CB784D6DBE99CD.png",
            "form": "46X72",
            "index": 9,
            "name": "Bob's Angel",
            "barrier": "3",
            "jockey": "Michael Heagney",
            "jockey weight": "55",
            "trainer": "Mark Gee",
            "indicative odds": 8.5
        },
        {
            "silk": "https://static.tab.co.nz/silks/Raci-37-41-92E866BE03FAB6B90DDB26DC9303D125.png",
            "form": "59665",
            "index": 8,
            "name": "Accellar Raider",
            "barrier": "7",
            "jockey": null,
            "jockey weight": "55",
            "trainer": "Allan McRae",
            "indicative odds": 0.0
        },
        {
            "silk": "https://static.tab.co.nz/silks/Raci-37-41-F587A255480B2376D485654772DC2235.png",
            "form": "12425",
            "index": 5,
            "name": "Taliano",
            "barrier": "6",
            "jockey": "Ellen Hennessy",
            "jockey weight": "59",
            "trainer": "Michelle Russell",
            "indicative odds": 10.0
        },
        {
            "silk": "https://static.tab.co.nz/silks/Raci-37-41-D91D40C1BC95E41B5D65F1D2518D629F.png",
            "form": "54453",
            "index": 1,
            "name": "Barcoo Bill",
            "barrier": "1",
            "jockey": "Nick Heywood",
            "jockey weight": "59",
            "trainer": "Gino D'Altorio",
            "indicative odds": 14.8
        }
    ]
}