{
    "event_id": "619902",
    "iso date": "2020-09-27",
    "meeting number": "M13",
    "meeting place": "Moe Races (Vic)",
    "race number": 3,
    "track": "Moe",
    "weather": "Fine",
    "event time": "Monday 04.00AM",
    "event name": "Moe Races (Vic)",
    "distance": 2447.0,
    "group": [
        {
            "silk": "https://static.tab.co.nz/silks/Raci-37-41-3AB51ABEA711F85766F7518C067DEFD8.png",
            "form": "X7904",
            "index": 1,
            "name": "Ever Spring",
            "barrier": "2",
            "jockey": "Ben Allen",
            "jockey weight": "58.5",
            "trainer": "Mark Stephenson",
            "indicative odds": 9.4
        },
        {
            "silk": "https://static.tab.co.nz/silks/Raci-37-41-A483794C98414A13254AA11F23A35830.png",
            "form": "97967",
            "index": 11,
            "name": "Twilight Zone",
            "barrier": "9",
            "jockey": "Michael Carson",
            "jockey weight": "58.5",
            "trainer": "Bryce Stanaway",
            "indicative odds": 32.9
        },
        {
            "silk": "https://static.tab.co.nz/silks/Raci-37-41-48BE9A6447346E2C70B15100D15D926C.png",
            "form": "5P273",
            "index": 5,
            "name": "Road to Blue Sky",
            "barrier": "10",
            "jockey": "Will Gordon",
            "jockey weight": "58.5",
            "trainer": "Eric Musgrove",
            "indicative odds": 10.5
        },
        {
            "silk": "https://static.tab.co.nz/silks/Raci-37-41-B951AAC9336515A48FF1404E1D1C7D7D.png",
            "form": "X3364",
            "index": 6,
            "name": "Stannary",
            "barrier": "2",
            "jockey": "Daniel Stackhouse",
            "jockey weight": "58.5",
            "trainer": "Michael Kent",
            "indicative odds": 0.0
        },
        {
            "silk": "https://static.tab.co.nz/silks/Raci-37-41-F6B39D1004B2A14F1E239BAAA10209C3.png",
            "form": "78548",
            "index": 10,
            "name": "Classy One",
            "barrier": "1",
            "jockey": "Kate Walters",
            "jockey weight": "56.5",
            "trainer": "Wayne Walters",
            "indicative odds": 21.5
        },
        {
            "silk": "https://static.tab.co.nz/silks/Raci-37-41-639182B633971714125072645B5D1DAC.png",
            "form": "85907",
            "index": 8,
            "name": "Succeedandconquer",
            "barrier": "5",
            "jockey": "Jade Darose",
            "jockey weight": "58.5",
            "trainer": "Steven Noble",
            "indicative odds": 29.8
        },
        {
            "silk": "https://static.tab.co.nz/silks/Raci-37-41-550501093B93064BB8D673DF8129D440.png",
            "form": "X9752",
            "index": 2,
            "name": "My Buttons Bigger",
            "barrier": "8",
            "jockey": "Craig Newitt",
            "jockey weight": "58.5",
            "trainer": "Patrick Keane",
            "indicative odds": 5.5
        },
        {
            "silk": "https://static.tab.co.nz/silks/Raci-37-41-6518CF9336B237C0AF3A0E872885F2F8.png",
            "form": "X6342",
            "index": 9,
            "name": "Wonderful Day",
            "barrier": "7",
            "jockey": "Chris Symons",
            "jockey weight": "58.5",
            "trainer": "Logan McGill",
            "indicative odds": 3.7
        },
        {
            "silk": "https://static.tab.co.nz/silks/Raci-37-41-E264E09EA71F7313B255FEAF35D6F55E.png",
            "form": "36444",
            "index": 7,
            "name": "Stephen's Green",
            "barrier": "3",
            "jockey": "Noel Callow",
            "jockey weight": "58.5",
            "trainer": "Julius Sandhu",
            "indicative odds": 6.9
        },
        {
            "silk": "https://static.tab.co.nz/silks/Raci-37-41-A483794C98414A13254AA11F23A35830.png",
            "form": "06608",
            "index": 4,
            "name": "Pacific Crest",
            "barrier": "6",
            "jockey": "Arron Lynch",
            "jockey weight": "58.5",
            "trainer": "Bryce Stanaway",
            "indicative odds": 42.4
        },
        {
            "silk": "https://static.tab.co.nz/silks/Raci-37-41-7251AD98985D63AF268271F9489A6CCE.png",
            "form": "84426",
            "index": 3,
            "name": "O'mahlo",
            "barrier": "4",
            "jockey": "Jason Benbow",
            "jockey weight": "58.5",
            "trainer": "Tim Hughes",
            "indicative odds": 4.1
        }
    ]
}