{
    "event_id": "618855",
    "iso date": "2020-09-27",
    "meeting number": "M17",
    "meeting place": "Leeton Races (NSW)",
    "race number": 4,
    "track": "Leeton",
    "weather": "Fine",
    "event time": "Monday 05.45AM",
    "event name": "Leeton Races (NSW)",
    "distance": 1150.0,
    "group": [
        {
            "silk": "https://static.tab.co.nz/silks/Raci-37-41-15E7C43D3CCCDFCAADDD03FB77F55ADD.png",
            "form": "8",
            "index": 14,
            "name": "Stay At Home",
            "barrier": "3",
            "jockey": "Kayla Nisbet",
            "jockey weight": "56.5",
            "trainer": "Phil Sweeney",
            "indicative odds": 18.9
        },
        {
            "silk": "https://static.tab.co.nz/silks/Raci-37-41-291EA618DEECBF05C2CB0F8F1F86B841.png",
            "form": "X4042",
            "index": 4,
            "name": "Galdocino",
            "barrier": "16",
            "jockey": "-",
            "jockey weight": "59",
            "trainer": "John Rolfe",
            "indicative odds": 0.0
        },
        {
            "silk": "https://static.tab.co.nz/silks/Raci-37-41-7BB5B8ADA8A00002D3283141187B4FC7.png",
            "form": "2843X",
            "index": 10,
            "name": "Wakame",
            "barrier": "8",
            "jockey": "Simon Miller",
            "jockey weight": "57",
            "trainer": "E & L Longmire",
            "indicative odds": 4.9
        },
        {
            "silk": "https://static.tab.co.nz/silks/Raci-37-41-2EB3F4641A6EC6D7E611783429558717.png",
            "form": "693X0",
            "index": 3,
            "name": "Chookster",
            "barrier": "9",
            "jockey": "Jordan Mallyon",
            "jockey weight": "59",
            "trainer": "Mitchell Beer",
            "indicative odds": 7.3
        },
        {
            "silk": "https://static.tab.co.nz/silks/Raci-37-41-5287C750AD75FA11C313CAAA69BB5FB6.png",
            "form": "X4365",
            "index": 2,
            "name": "Cato",
            "barrier": "5",
            "jockey": "-",
            "jockey weight": "59",
            "trainer": "Melissa Harrison",
            "indicative odds": 0.0
        },
        {
            "silk": "https://static.tab.co.nz/silks/Raci-37-41-5C543CACA88BE44461C38DC1BDE25899.png",
            "form": "47306",
            "index": 7,
            "name": "Night Terror",
            "barrier": "5",
            "jockey": "Richard Bensley",
            "jockey weight": "57",
            "trainer": "Chris Heywood",
            "indicative odds": 10.2
        },
        {
            "silk": "https://static.tab.co.nz/silks/Raci-37-41-32C28268134ED592002D3A631FA5028F.png",
            "form": "737X2",
            "index": 11,
            "name": "Queen Street Boss",
            "barrier": "7",
            "jockey": "Josh Richards",
            "jockey weight": "55",
            "trainer": "Scott Spackman",
            "indicative odds": 7.4
        },
        {
            "silk": "https://static.tab.co.nz/silks/Raci-37-41-2D3C8DF46EAF2AFC5F64C007CAFD7D7D.png",
            "form": "X6X24",
            "index": 5,
            "name": "Underthespotlight",
            "barrier": "1",
            "jockey": "Mathew Cahill",
            "jockey weight": "59",
            "trainer": "Todd Smart",
            "indicative odds": 7.4
        },
        {
            "silk": "https://static.tab.co.nz/silks/Raci-37-41-15E7C43D3CCCDFCAADDD03FB77F55ADD.png",
            "form": "4",
            "index": 12,
            "name": "Then",
            "barrier": "6",
            "jockey": "Bradley Vale",
            "jockey weight": "55",
            "trainer": "Phil Sweeney",
            "indicative odds": 10.6
        },
        {
            "silk": "https://static.tab.co.nz/silks/Raci-37-41-0B5C890D2CE7A4C918CB7FF4686980A4.png",
            "form": "0900",
            "index": 16,
            "name": "Table Forfour",
            "barrier": "11",
            "jockey": "Amy McLucas",
            "jockey weight": "59",
            "trainer": "Martin Stein",
            "indicative odds": 59.8
        },
        {
            "silk": "https://static.tab.co.nz/silks/Raci-37-41-DBA16BEF92F04294BEAEE39436264F98.png",
            "form": "68405",
            "index": 15,
            "name": "Kah Tee Uh",
            "barrier": "4",
            "jockey": "-",
            "jockey weight": "57",
            "trainer": "Peter Clancy",
            "indicative odds": 0.0
        },
        {
            "silk": "https://static.tab.co.nz/silks/Raci-37-41-2E4D086F3AD81FB12C75C664D5161B85.png",
            "form": "4X699",
            "index": 13,
            "name": "Padrone",
            "barrier": "12",
            "jockey": "Blaike McDougall",
            "jockey weight": "56.5",
            "trainer": "Luke Pepper",
            "indicative odds": 17.2
        },
        {
            "silk": "https://static.tab.co.nz/silks/Raci-37-41-FA5DCE0FF52718E43A295BB159724108.png",
            "form": "778X5",
            "index": 9,
            "name": "Torsiton",
            "barrier": "11",
            "jockey": "Kayla Nisbet",
            "jockey weight": "57",
            "trainer": "Tim Donnelly",
            "indicative odds": 0.0
        },
        {
            "silk": "https://static.tab.co.nz/silks/Raci-37-41-CCC5BB77A334964274F4822F5974658B.png",
            "form": "846",
            "index": 8,
            "name": "Silica Sand",
            "barrier": "4",
            "jockey": "Ellen Hennessy",
            "jockey weight": "57",
            "trainer": "Frank Cleary",
            "indicative odds": 7.4
        },
        {
            "silk": "https://static.tab.co.nz/silks/Raci-37-41-B56398AC749E0CD2E683773B6B066EEB.png",
            "form": "X0077",
            "index": 6,
            "name": "Fifi Girl",
            "barrier": "2",
            "jockey": "Michael Heagney",
            "jockey weight": "57",
            "trainer": "Fiona Schneiders",
            "indicative odds": 12.2
        },
        {
            "silk": "https://static.tab.co.nz/silks/Raci-37-41-F1DEBD00E045B526CF0C56A49FE8161A.png",
            "form": "69707",
            "index": 1,
            "name": "Bemightyman",
            "barrier": "10",
            "jockey": "Nick Heywood",
            "jockey weight": "59",
            "trainer": "Gary Colvin",
            "indicative odds": 36.0
        }
    ]
}