{
    "event_id": "619903",
    "iso date": "2020-09-27",
    "meeting number": "M13",
    "meeting place": "Moe Races (Vic)",
    "race number": 4,
    "track": "Moe",
    "weather": "Fine",
    "event time": "Monday 04.30AM",
    "event name": "Moe Races (Vic)",
    "distance": 2447.0,
    "group": [
        {
            "silk": "https://static.tab.co.nz/silks/Raci-37-41-639182B633971714125072645B5D1DAC.png",
            "form": "50008",
            "index": 7,
            "name": "Cut the Mustard",
            "barrier": "7",
            "jockey": "Jade Darose",
            "jockey weight": "57",
            "trainer": "Steven Noble",
            "indicative odds": 18.3
        },
        {
            "silk": "https://static.tab.co.nz/silks/Raci-37-41-9D736DFE0125F233DD9C166B77363214.png",
            "form": "X0668",
            "index": 4,
            "name": "Solar Coaster",
            "barrier": "13",
            "jockey": "Michael Poy",
            "jockey weight": "58.5",
            "trainer": "Henry Dwyer",
            "indicative odds": 0.0
        },
        {
            "silk": "https://static.tab.co.nz/silks/Raci-37-41-0676ADB693660CDF2FD6A2C53911D921.png",
            "form": "X0757",
            "index": 2,
            "name": "So Able",
            "barrier": "5",
            "jockey": "Ben Allen",
            "jockey weight": "60",
            "trainer": "Shane McCusker",
            "indicative odds": 0.0
        },
        {
            "silk": "https://static.tab.co.nz/silks/Raci-37-41-43C441A05285E84C6BA9140080B76E54.png",
            "form": "22078",
            "index": 3,
            "name": "Hanaki Warrior",
            "barrier": "1",
            "jockey": "Michael Carson",
            "jockey weight": "59",
            "trainer": "Bryce Stanaway",
            "indicative odds": 12.9
        },
        {
            "silk": "https://static.tab.co.nz/silks/Raci-37-41-F6B39D1004B2A14F1E239BAAA10209C3.png",
            "form": "01057",
            "index": 8,
            "name": "Olifoet",
            "barrier": "3",
            "jockey": "Kate Walters",
            "jockey weight": "57",
            "trainer": "Wayne Walters",
            "indicative odds": 6.8
        },
        {
            "silk": "https://static.tab.co.nz/silks/Raci-37-41-48BE9A6447346E2C70B15100D15D926C.png",
            "form": "44283",
            "index": 9,
            "name": "Onset",
            "barrier": "6",
            "jockey": "Daniel Stackhouse",
            "jockey weight": "57",
            "trainer": "Eric Musgrove",
            "indicative odds": 4.8
        },
        {
            "silk": "https://static.tab.co.nz/silks/Raci-37-41-50706762821B6D9DE066E86D634C6F12.png",
            "form": "47899",
            "index": 10,
            "name": "Madam Stowell",
            "barrier": "8",
            "jockey": "Joe Bowditch",
            "jockey weight": "56",
            "trainer": "Monica Cid",
            "indicative odds": 30.0
        },
        {
            "silk": "https://static.tab.co.nz/silks/Raci-37-41-F6B39D1004B2A14F1E239BAAA10209C3.png",
            "form": "89409",
            "index": 12,
            "name": "Darken Up",
            "barrier": "2",
            "jockey": "Alana Kelly",
            "jockey weight": "56",
            "trainer": "Wayne Walters",
            "indicative odds": 26.9
        },
        {
            "silk": "https://static.tab.co.nz/silks/Raci-37-41-F6B39D1004B2A14F1E239BAAA10209C3.png",
            "form": "00667",
            "index": 14,
            "name": "Zabextra",
            "barrier": "6",
            "jockey": "-",
            "jockey weight": "56",
            "trainer": "Wayne Walters",
            "indicative odds": 0.0
        },
        {
            "silk": "https://static.tab.co.nz/silks/Raci-37-41-D76FD93C58FE04A4EE554B04F7FA9873.png",
            "form": "X5089",
            "index": 6,
            "name": "Deseronto",
            "barrier": "5",
            "jockey": "Noel Callow",
            "jockey weight": "57.5",
            "trainer": "Greg Eurell",
            "indicative odds": 11.7
        },
        {
            "silk": "https://static.tab.co.nz/silks/Raci-37-41-32975912B220F98058F18C2920F8E1D8.png",
            "form": "97057",
            "index": 13,
            "name": "Last Dance",
            "barrier": "4",
            "jockey": "-",
            "jockey weight": "56",
            "trainer": "Cliff Murray",
            "indicative odds": 0.0
        },
        {
            "silk": "https://static.tab.co.nz/silks/Raci-37-41-F2FAD5549FC4C70EBC135CFB1B7D7301.png",
            "form": "89X00",
            "index": 11,
            "name": "Rylstone",
            "barrier": "9",
            "jockey": "Emily Brown",
            "jockey weight": "56.5",
            "trainer": "Michael Trotter",
            "indicative odds": 33.2
        },
        {
            "silk": "https://static.tab.co.nz/silks/Raci-37-41-D423701E7CD19512C7527320CC8E0683.png",
            "form": "X0331",
            "index": 5,
            "name": "Devon Miss",
            "barrier": "10",
            "jockey": "Laura Lafferty",
            "jockey weight": "58",
            "trainer": "Patrick Payne",
            "indicative odds": 2.2
        },
        {
            "silk": "https://static.tab.co.nz/silks/Raci-37-41-34A685991A483D787D2AE9477618FBFE.png",
            "form": "1X099",
            "index": 1,
            "name": "Turf Dragon",
            "barrier": "4",
            "jockey": "Brian Higgins",
            "jockey weight": "60.5",
            "trainer": "Shane Stockdale",
            "indicative odds": 16.1
        }
    ]
}