{
    "event_id": "619018",
    "iso date": "2020-09-27",
    "meeting number": "M16",
    "meeting place": "Belmont Races (WA)",
    "race number": 3,
    "track": "Belmont",
    "weather": "Showery",
    "event time": "Monday 06.12AM",
    "event name": "Belmont Races (WA)",
    "distance": 1400.0,
    "group": [
        {
            "silk": "https://static.tab.co.nz/silks/Raci-37-41-667E8C214574C5EFD947068E8497D51D.png",
            "form": "6X463",
            "index": 1,
            "name": "He's A Gunslinger",
            "barrier": "4",
            "jockey": "Jade McNaught",
            "jockey weight": "59.5",
            "trainer": "Martin Allan",
            "indicative odds": 7.6
        },
        {
            "silk": "https://static.tab.co.nz/silks/Raci-37-41-A4DF63879B73F47A5A4048606B5CC52F.png",
            "form": "5X70X",
            "index": 7,
            "name": "Koranis",
            "barrier": "1",
            "jockey": null,
            "jockey weight": "57.5",
            "trainer": "D & B Pearce",
            "indicative odds": 0.0
        },
        {
            "silk": "https://static.tab.co.nz/silks/Raci-37-41-3AAF5D0C37CBE8EA229257CC7CAA1E71.png",
            "form": "16X67",
            "index": 5,
            "name": "Sea War",
            "barrier": "2",
            "jockey": "Shaun McGruddy",
            "jockey weight": "58.5",
            "trainer": "Steve Wolfe",
            "indicative odds": 6.3
        },
        {
            "silk": "https://static.tab.co.nz/silks/Raci-37-41-AAA20990FC2C7684B359EB2FC3273B25.png",
            "form": "1",
            "index": 6,
            "name": "Notorious One",
            "barrier": "8",
            "jockey": "Jordan Turner",
            "jockey weight": "58",
            "trainer": "Chris & Michael Gangemi",
            "indicative odds": 3.7
        },
        {
            "silk": "https://static.tab.co.nz/silks/Raci-37-41-3CB2344F945371191B63332DB922728D.png",
            "form": "754X3",
            "index": 9,
            "name": "Warzachantz",
            "barrier": "3",
            "jockey": "Craig Staples",
            "jockey weight": "54",
            "trainer": "Rhys Radford",
            "indicative odds": 16.3
        },
        {
            "silk": "https://static.tab.co.nz/silks/Raci-37-41-BC3D3C0E3C9FB1C24E783FEDFB69BF30.png",
            "form": "06903",
            "index": 8,
            "name": "Zip Zam Zoom",
            "barrier": "6",
            "jockey": "B Banovic-Edwards",
            "jockey weight": "55.5",
            "trainer": "Fred Kersley",
            "indicative odds": 9.7
        },
        {
            "silk": "https://static.tab.co.nz/silks/Raci-37-41-4D4E141B8B2B233BE069E03055A08AC9.png",
            "form": "X9368",
            "index": 4,
            "name": "Misty Lad",
            "barrier": "1",
            "jockey": "Kristy Bennett",
            "jockey weight": "58.5",
            "trainer": "David Harrison",
            "indicative odds": 7.4
        },
        {
            "silk": "https://static.tab.co.nz/silks/Raci-37-41-1FFE2E220C2DBB5A48E0DEEAD14B95D3.png",
            "form": "68724",
            "index": 3,
            "name": "Bobcat Johnnie",
            "barrier": "5",
            "jockey": "Alan Kennedy",
            "jockey weight": "59",
            "trainer": "Anne King",
            "indicative odds": 5.7
        },
        {
            "silk": "https://static.tab.co.nz/silks/Raci-37-41-DD0F329BB5D958D3DDD1FD3A8317C7F1.png",
            "form": "2119X",
            "index": 2,
            "name": "Mexi Cola",
            "barrier": "7",
            "jockey": "Chris Parnham",
            "jockey weight": "59.5",
            "trainer": "Lindsey Smith",
            "indicative odds": 7.0
        }
    ]
}