{
    "event_id": "619906",
    "iso date": "2020-09-27",
    "meeting number": "M13",
    "meeting place": "Moe Races (Vic)",
    "race number": 7,
    "track": "Moe",
    "weather": "Fine",
    "event time": "Monday 06.00AM",
    "event name": "Moe Races (Vic)",
    "distance": 1217.0,
    "group": [
        {
            "silk": "https://static.tab.co.nz/silks/Raci-37-41-E608B7BCCA4CACDA4BF26E3A5FBC325A.png",
            "form": "38019",
            "index": 1,
            "name": "Eagle Spirit",
            "barrier": "11",
            "jockey": "Tayla Childs",
            "jockey weight": "65",
            "trainer": "Craig Blackshaw",
            "indicative odds": 11.5
        },
        {
            "silk": "https://static.tab.co.nz/silks/Raci-37-41-E23214D31459DDE8DAF348FBEC3C8B26.png",
            "form": "7X712",
            "index": 8,
            "name": "Valentina Star",
            "barrier": "9",
            "jockey": "M Cartwright",
            "jockey weight": "59.5",
            "trainer": "Maher/Eustace",
            "indicative odds": 7.8
        },
        {
            "silk": "https://static.tab.co.nz/silks/Raci-37-41-F6B39D1004B2A14F1E239BAAA10209C3.png",
            "form": "8398X",
            "index": 2,
            "name": "Brigadier",
            "barrier": "3",
            "jockey": "Joe Bowditch",
            "jockey weight": "62",
            "trainer": "Wayne Walters",
            "indicative odds": 45.5
        },
        {
            "silk": "https://static.tab.co.nz/silks/Raci-37-41-8A802325E85218CC4CF8CFBCCC9BAD24.png",
            "form": "X174X",
            "index": 12,
            "name": "Fast Summer Rock",
            "barrier": "14",
            "jockey": "Jason Benbow",
            "jockey weight": "57",
            "trainer": "Peter G Moody",
            "indicative odds": 0.0
        },
        {
            "silk": "https://static.tab.co.nz/silks/Raci-37-41-65E277FA938D9B708A850791F68B778E.png",
            "form": "4210X",
            "index": 14,
            "name": "High Done",
            "barrier": "2",
            "jockey": "Jason Maskiell",
            "jockey weight": "59",
            "trainer": "P & T Templeton",
            "indicative odds": 22.2
        },
        {
            "silk": "https://static.tab.co.nz/silks/Raci-37-41-1BFF68B82B17C6165156FFFD385CE845.png",
            "form": "18X1",
            "index": 4,
            "name": "Whipcracker Way",
            "barrier": "1",
            "jockey": "Alexandra Bryan",
            "jockey weight": "61",
            "trainer": "Phillip Stokes",
            "indicative odds": 2.7
        },
        {
            "silk": "https://static.tab.co.nz/silks/Raci-37-41-86CF69E42742F28CBF5703AC0715C1E3.png",
            "form": "1X80X",
            "index": 10,
            "name": "Springrolls",
            "barrier": "4",
            "jockey": "Ben Allen",
            "jockey weight": "57.5",
            "trainer": "Tim Hughes",
            "indicative odds": 27.5
        },
        {
            "silk": "https://static.tab.co.nz/silks/Raci-37-41-DA0EF3DAC9AF9B3B7E780DF180B44B82.png",
            "form": "5016X",
            "index": 16,
            "name": "Kiptanui",
            "barrier": "12",
            "jockey": "Craig Newitt",
            "jockey weight": "58",
            "trainer": "Wendy Kelly",
            "indicative odds": 0.0
        },
        {
            "silk": "https://static.tab.co.nz/silks/Raci-37-41-FFEF2263C71E06CD98EB7C36E10E116D.png",
            "form": "24664",
            "index": 17,
            "name": "The Great Bratski",
            "barrier": "17",
            "jockey": "Teodore Nugent",
            "jockey weight": "56",
            "trainer": "Christine Sexton",
            "indicative odds": 0.0
        },
        {
            "silk": "https://static.tab.co.nz/silks/Raci-37-41-F6B39D1004B2A14F1E239BAAA10209C3.png",
            "form": "4X0X7",
            "index": 7,
            "name": "That Said",
            "barrier": "10",
            "jockey": "Kate Walters",
            "jockey weight": "59.5",
            "trainer": "Wayne Walters",
            "indicative odds": 31.7
        },
        {
            "silk": "https://static.tab.co.nz/silks/Raci-37-41-FA5DCE0FF52718E43A295BB159724108.png",
            "form": "58X33",
            "index": 5,
            "name": "Cafe Tortoni",
            "barrier": "7",
            "jockey": "Billy Egan",
            "jockey weight": "60",
            "trainer": "Patrick Payne",
            "indicative odds": 4.5
        },
        {
            "silk": "https://static.tab.co.nz/silks/Raci-37-41-9387884906C49F155BC566A2E969BF24.png",
            "form": "6212X",
            "index": 15,
            "name": "Our Foxwedge",
            "barrier": "10",
            "jockey": "Patrick Moloney",
            "jockey weight": "58.5",
            "trainer": "Gary McGreal",
            "indicative odds": 0.0
        },
        {
            "silk": "https://static.tab.co.nz/silks/Raci-37-41-23E38561C8C8B856A900342EBC305651.png",
            "form": "2232X",
            "index": 13,
            "name": "Anchorman",
            "barrier": "6",
            "jockey": "Daniel Stackhouse",
            "jockey weight": "59",
            "trainer": "Brian McGrath",
            "indicative odds": 14.4
        },
        {
            "silk": "https://static.tab.co.nz/silks/Raci-37-41-C999DEBA2C44EB7FA4C5DFD5C12861A5.png",
            "form": "8X10",
            "index": 11,
            "name": "Gypsy Choice",
            "barrier": "8",
            "jockey": "Zac Spain",
            "jockey weight": "56",
            "trainer": "Price/Kent (Jnr)",
            "indicative odds": 8.1
        },
        {
            "silk": "https://static.tab.co.nz/silks/Raci-37-41-6C167CE8EEF3CF98A2514D86E10C9EDC.png",
            "form": "312X",
            "index": 9,
            "name": "Chief Altony",
            "barrier": "5",
            "jockey": "Arron Lynch",
            "jockey weight": "59",
            "trainer": "Alexander Rae",
            "indicative odds": 22.8
        },
        {
            "silk": "https://static.tab.co.nz/silks/Raci-37-41-6076A3CFE90BCE97E3774B96D18350D0.png",
            "form": "100X4",
            "index": 6,
            "name": "Katsuma",
            "barrier": "16",
            "jockey": "Lachlan Neindorf",
            "jockey weight": "60",
            "trainer": "Matt Laurie",
            "indicative odds": 0.0
        },
        {
            "silk": "https://static.tab.co.nz/silks/Raci-37-41-4A353B4D100D5D62D111E3C5A5277728.png",
            "form": "169X8",
            "index": 3,
            "name": "Born Bad",
            "barrier": "8",
            "jockey": "Noel Callow",
            "jockey weight": "61",
            "trainer": "J & C Meagher",
            "indicative odds": 0.0
        }
    ]
}