{
    "event_id": "618870",
    "iso date": "2020-09-27",
    "meeting number": "M18",
    "meeting place": "Tamworth Races (NSW)",
    "race number": 2,
    "track": "Tamworth",
    "weather": "Fine",
    "event time": "Monday 04.10AM",
    "event name": "Tamworth Races (NSW)",
    "distance": 1400.0,
    "group": [
        {
            "silk": "https://static.tab.co.nz/silks/Raci-37-41-A8E65AB4DF9B23EC7E4DA2298E665D9D.png",
            "form": "00X00",
            "index": 8,
            "name": "Port of Jeddah",
            "barrier": "6",
            "jockey": "Mikayla Weir",
            "jockey weight": "57",
            "trainer": "Grant Finnigan",
            "indicative odds": 11.8
        },
        {
            "silk": "https://static.tab.co.nz/silks/Raci-37-41-3CD371677BC075A966A68BB825206D36.png",
            "form": "8X786",
            "index": 10,
            "name": "Lincoln Park",
            "barrier": "7",
            "jockey": "Billy Cray",
            "jockey weight": "56.5",
            "trainer": "Paul Perry",
            "indicative odds": 10.2
        },
        {
            "silk": "https://static.tab.co.nz/silks/Raci-37-41-14522B3EB79FC02070682E4762CB8313.png",
            "form": "45X65",
            "index": 5,
            "name": "Delavigne",
            "barrier": "3",
            "jockey": "Andrew Gibbons",
            "jockey weight": "57",
            "trainer": "Kris Lees",
            "indicative odds": 3.3
        },
        {
            "silk": "https://static.tab.co.nz/silks/Raci-37-41-947F9C146534C608A05A43266B935D30.png",
            "form": "225X4",
            "index": 3,
            "name": "Prospero",
            "barrier": "5",
            "jockey": "Ashley Morgan",
            "jockey weight": "59",
            "trainer": "Nathan Doyle",
            "indicative odds": 3.1
        },
        {
            "silk": "https://static.tab.co.nz/silks/Raci-37-41-C9DE502B3B84EEE8EDABDC9A2E13A294.png",
            "form": "7X6",
            "index": 6,
            "name": "Hidemi",
            "barrier": "1",
            "jockey": "Serg Lisnyy",
            "jockey weight": "57",
            "trainer": "Tina Williams",
            "indicative odds": 21.3
        },
        {
            "silk": "https://static.tab.co.nz/silks/Raci-37-41-6CA4B6BA933A4D03786E76BDC0466A68.png",
            "form": "8X64",
            "index": 9,
            "name": "Swara",
            "barrier": "4",
            "jockey": "Rachael Murray",
            "jockey weight": "57",
            "trainer": "Craig Martin",
            "indicative odds": 6.3
        },
        {
            "silk": "https://static.tab.co.nz/silks/Raci-37-41-26ACC137B410BD59F0835F166A9C5F19.png",
            "form": "68X82",
            "index": 7,
            "name": "Poetry In Motion",
            "barrier": "3",
            "jockey": null,
            "jockey weight": "57",
            "trainer": "Kris Lees",
            "indicative odds": 0.0
        },
        {
            "silk": "https://static.tab.co.nz/silks/Raci-37-41-19354771FF5700E62AFA454A7F2719BC.png",
            "form": "60628",
            "index": 4,
            "name": "Ringo's Charm",
            "barrier": "2",
            "jockey": "Ben Looker",
            "jockey weight": "59",
            "trainer": "Jan Bowen",
            "indicative odds": 12.0
        },
        {
            "silk": "https://static.tab.co.nz/silks/Raci-37-41-8B9974ACFDE67F0AFB173FAD59A998B8.png",
            "form": "2X044",
            "index": 2,
            "name": "Clogs",
            "barrier": "8",
            "jockey": "Clayton Gallagher",
            "jockey weight": "59",
            "trainer": "Justin Bowen",
            "indicative odds": 11.4
        },
        {
            "silk": "https://static.tab.co.nz/silks/Raci-37-41-9B873BEF8606A9EB138AB758801A9367.png",
            "form": "X2223",
            "index": 1,
            "name": "Banju",
            "barrier": "9",
            "jockey": "Greg Ryan",
            "jockey weight": "59",
            "trainer": "Lyle Chandler",
            "indicative odds": 0.0
        }
    ]
}