{
    "event_id": "619907",
    "iso date": "2020-09-27",
    "meeting number": "M13",
    "meeting place": "Moe Races (Vic)",
    "race number": 8,
    "track": "Moe",
    "weather": "Fine",
    "event time": "Monday 06.30AM",
    "event name": "Moe Races (Vic)",
    "distance": 1628.0,
    "group": [
        {
            "silk": "https://static.tab.co.nz/silks/Raci-37-41-0AEEE57594D7B7D35FB0E107A9070C9D.png",
            "form": "04X83",
            "index": 18,
            "name": "Barbie's Boy",
            "barrier": "9",
            "jockey": null,
            "jockey weight": "59.5",
            "trainer": "Rhonda Mangan",
            "indicative odds": 0.0
        },
        {
            "silk": "https://static.tab.co.nz/silks/Raci-37-41-C150557CD5BA8AF2ED25402A7DD13FA7.png",
            "form": "99X05",
            "index": 14,
            "name": "Essex Skipper",
            "barrier": "6",
            "jockey": "Will Gordon",
            "jockey weight": "58",
            "trainer": "Steven Pateman",
            "indicative odds": 0.0
        },
        {
            "silk": "https://static.tab.co.nz/silks/Raci-37-41-4559B3AB88700A981C3E980905BE6043.png",
            "form": "620X3",
            "index": 11,
            "name": "Justjules",
            "barrier": "10",
            "jockey": "Joe Bowditch",
            "jockey weight": "58.5",
            "trainer": "Wendy Kelly",
            "indicative odds": 0.0
        },
        {
            "silk": "https://static.tab.co.nz/silks/Raci-37-41-42B492DBD908894A0AF5A94F2C13D7FF.png",
            "form": "0X441",
            "index": 10,
            "name": "Brueghelino",
            "barrier": "11",
            "jockey": "Brian Park",
            "jockey weight": "58.5",
            "trainer": "Troy Kilgower",
            "indicative odds": 17.0
        },
        {
            "silk": "https://static.tab.co.nz/silks/Raci-37-41-067D89D08DFEE7646886364910EA627C.png",
            "form": "917X5",
            "index": 1,
            "name": "Saint Peter",
            "barrier": "5",
            "jockey": "Laura Lafferty",
            "jockey weight": "64.5",
            "trainer": "Maher/Eustace",
            "indicative odds": 8.2
        },
        {
            "silk": "https://static.tab.co.nz/silks/Raci-37-41-D64DF7F86748532ED45E45EDF6FEDF33.png",
            "form": "03872",
            "index": 12,
            "name": "Without Excuse",
            "barrier": "7",
            "jockey": "Carleen Hefel",
            "jockey weight": "58.5",
            "trainer": "Lenny Xuereb",
            "indicative odds": 9.4
        },
        {
            "silk": "https://static.tab.co.nz/silks/Raci-37-41-E23214D31459DDE8DAF348FBEC3C8B26.png",
            "form": "186X0",
            "index": 2,
            "name": "She's A Karaka",
            "barrier": "10",
            "jockey": "Lachlan Neindorf",
            "jockey weight": "61.5",
            "trainer": "Maher/Eustace",
            "indicative odds": 7.8
        },
        {
            "silk": "https://static.tab.co.nz/silks/Raci-37-41-A483794C98414A13254AA11F23A35830.png",
            "form": "00080",
            "index": 16,
            "name": "Wicked Heights",
            "barrier": "17",
            "jockey": "Michael Carson",
            "jockey weight": "56",
            "trainer": "Bryce Stanaway",
            "indicative odds": 0.0
        },
        {
            "silk": "https://static.tab.co.nz/silks/Raci-37-41-9C230C2A0810E0CB30597C6626DE0907.png",
            "form": "76401",
            "index": 7,
            "name": "All In A Day",
            "barrier": "9",
            "jockey": "M Cartwright",
            "jockey weight": "59.5",
            "trainer": "John McArdle",
            "indicative odds": 12.9
        },
        {
            "silk": "https://static.tab.co.nz/silks/Raci-37-41-B3F2C49705AFD0423B3733B3C1877B24.png",
            "form": "23183",
            "index": 9,
            "name": "Code Blue",
            "barrier": "2",
            "jockey": "Billy Egan",
            "jockey weight": "59",
            "trainer": "Patrick Payne",
            "indicative odds": 3.4
        },
        {
            "silk": "https://static.tab.co.nz/silks/Raci-37-41-8ED2ADF20D160C1B8F8F4DAD6B6892D7.png",
            "form": "27471",
            "index": 17,
            "name": "Miss Meilland",
            "barrier": "4",
            "jockey": null,
            "jockey weight": "58",
            "trainer": "D & C Feek",
            "indicative odds": 0.0
        },
        {
            "silk": "https://static.tab.co.nz/silks/Raci-37-41-FF1F3600EE7BDF49974ED1EC6D199BB9.png",
            "form": "X4564",
            "index": 15,
            "name": "Chase On The Case",
            "barrier": "3",
            "jockey": "Brian Higgins",
            "jockey weight": "59.5",
            "trainer": "Matthew Brown",
            "indicative odds": 16.7
        },
        {
            "silk": "https://static.tab.co.nz/silks/Raci-37-41-D9B04736B0DA32BF91A02FC136C05243.png",
            "form": "100X3",
            "index": 13,
            "name": "Pierro Rose",
            "barrier": "7",
            "jockey": "Teodore Nugent",
            "jockey weight": "58",
            "trainer": "Waterhouse/Bott",
            "indicative odds": 0.0
        },
        {
            "silk": "https://static.tab.co.nz/silks/Raci-37-41-0676ADB693660CDF2FD6A2C53911D921.png",
            "form": "70518",
            "index": 8,
            "name": "Parallel World",
            "barrier": "6",
            "jockey": "Yoko Ota",
            "jockey weight": "59.5",
            "trainer": "Shane McCusker",
            "indicative odds": 20.4
        },
        {
            "silk": "https://static.tab.co.nz/silks/Raci-37-41-A5E2CF257E218509F5DDD48A657AD431.png",
            "form": "6715X",
            "index": 6,
            "name": "Sterling Acheeva",
            "barrier": "13",
            "jockey": "Jason Maskiell",
            "jockey weight": "61",
            "trainer": "A & A Yargi",
            "indicative odds": 0.0
        },
        {
            "silk": "https://static.tab.co.nz/silks/Raci-37-41-48BE9A6447346E2C70B15100D15D926C.png",
            "form": "51573",
            "index": 5,
            "name": "Real Thinker",
            "barrier": "1",
            "jockey": "Daniel Stackhouse",
            "jockey weight": "61",
            "trainer": "Eric Musgrove",
            "indicative odds": 11.3
        },
        {
            "silk": "https://static.tab.co.nz/silks/Raci-37-41-397200A59C1B0E439EA5BEA2EB7829E1.png",
            "form": "27421",
            "index": 4,
            "name": "Our Chevalier",
            "barrier": "8",
            "jockey": "Matthew Allen",
            "jockey weight": "61",
            "trainer": "Robbie Griffiths",
            "indicative odds": 7.5
        },
        {
            "silk": "https://static.tab.co.nz/silks/Raci-37-41-B82AE983C8C67E66CEDB275DEDAC2382.png",
            "form": "3252X",
            "index": 3,
            "name": "Golden Gee",
            "barrier": "4",
            "jockey": "Celine Gaudray",
            "jockey weight": "61",
            "trainer": "Greg Hayes",
            "indicative odds": 17.1
        }
    ]
}