{
    "event_id": "619017",
    "iso date": "2020-09-27",
    "meeting number": "M16",
    "meeting place": "Belmont Races (WA)",
    "race number": 2,
    "track": "Belmont",
    "weather": "Showery",
    "event time": "Monday 05.34AM",
    "event name": "Belmont Races (WA)",
    "distance": 1000.0,
    "group": [
        {
            "silk": "https://static.tab.co.nz/silks/Raci-37-41-18E456B348004FEA3666D04D82003B53.png",
            "form": "",
            "index": 3,
            "name": "Rise High",
            "barrier": "9",
            "jockey": "Jarrad Noske",
            "jockey weight": "57",
            "trainer": "Trevor Andrews",
            "indicative odds": 9.5
        },
        {
            "silk": "https://static.tab.co.nz/silks/Raci-37-41-ED76E70D389F80F6A526ABFB47B5B72E.png",
            "form": "",
            "index": 10,
            "name": "Ian's Special",
            "barrier": "12",
            "jockey": "Alan Kennedy",
            "jockey weight": "55",
            "trainer": "Sharon Miller",
            "indicative odds": 5.5
        },
        {
            "silk": "https://static.tab.co.nz/silks/Raci-37-41-13B264E5E5C0D5004A500043658F527B.png",
            "form": "",
            "index": 11,
            "name": "Island Charm",
            "barrier": "7",
            "jockey": "Chris Nicoll",
            "jockey weight": "55",
            "trainer": "Roy Rogers",
            "indicative odds": 12.4
        },
        {
            "silk": "https://static.tab.co.nz/silks/Raci-37-41-F20ECFA881F9C6C3B6B97202478B4A18.png",
            "form": "2429X",
            "index": 4,
            "name": "Justhandy",
            "barrier": "8",
            "jockey": "Joseph Azzopardi",
            "jockey weight": "55",
            "trainer": "Bob McPherson",
            "indicative odds": 24.4
        },
        {
            "silk": "https://static.tab.co.nz/silks/Raci-37-41-7B152795185FD8CAB0C0EDA55D4899B2.png",
            "form": "65",
            "index": 9,
            "name": "Captain Sharmane",
            "barrier": "5",
            "jockey": "B Banovic-Edwards",
            "jockey weight": "55",
            "trainer": "Roy Rogers",
            "indicative odds": 11.0
        },
        {
            "silk": "https://static.tab.co.nz/silks/Raci-37-41-DF23F7D01EC9D034E52F6055F896EEDA.png",
            "form": "3",
            "index": 1,
            "name": "The Fibonacci",
            "barrier": "11",
            "jockey": "Clint Johnston-Porter",
            "jockey weight": "57",
            "trainer": "Chris & Michael Gangemi",
            "indicative odds": 4.9
        },
        {
            "silk": "https://static.tab.co.nz/silks/Raci-37-41-E905F608C50E812B5DE62A09FD854D49.png",
            "form": "",
            "index": 2,
            "name": "I'm Eugene",
            "barrier": "10",
            "jockey": "Jade McNaught",
            "jockey weight": "57",
            "trainer": "Richard Williams",
            "indicative odds": 13.4
        },
        {
            "silk": "https://static.tab.co.nz/silks/Raci-37-41-2BDB6A8D42D2D72DBA619AD5431A2416.png",
            "form": "74X",
            "index": 7,
            "name": "Fish Hook",
            "barrier": "3",
            "jockey": "Chris Parnham",
            "jockey weight": "55",
            "trainer": "Martin Allan",
            "indicative odds": 8.8
        },
        {
            "silk": "https://static.tab.co.nz/silks/Raci-37-41-6E74395761D4BAA4D6B319005A04BA99.png",
            "form": "0X",
            "index": 12,
            "name": "Little Talks",
            "barrier": "2",
            "jockey": "Madi Derrick",
            "jockey weight": "55",
            "trainer": "Misty Bazeley",
            "indicative odds": 91.9
        },
        {
            "silk": "https://static.tab.co.nz/silks/Raci-37-41-D5C1FF2AA064CB0B278B40D20B327EB9.png",
            "form": "",
            "index": 13,
            "name": "She Skates",
            "barrier": "4",
            "jockey": "Craig Staples",
            "jockey weight": "55",
            "trainer": "Rhys Radford",
            "indicative odds": 34.7
        },
        {
            "silk": "https://static.tab.co.nz/silks/Raci-37-41-0FC0AB94C41391C4036A38B9E9222209.png",
            "form": "7",
            "index": 8,
            "name": "Gingerlago",
            "barrier": "3",
            "jockey": "Patrick Carbery",
            "jockey weight": "55",
            "trainer": "Sean & Jake Casey",
            "indicative odds": 0.0
        },
        {
            "silk": "https://static.tab.co.nz/silks/Raci-37-41-2EAF58F627FE159C174761432171FFDD.png",
            "form": "88X2",
            "index": 6,
            "name": "Differentiator",
            "barrier": "6",
            "jockey": "Shaun O'Donnell",
            "jockey weight": "55",
            "trainer": "Greg Cave",
            "indicative odds": 11.3
        },
        {
            "silk": "https://static.tab.co.nz/silks/Raci-37-41-EE76DCCE5D5E3F7DB24EF806B2C2FC2F.png",
            "form": "X444X",
            "index": 5,
            "name": "Choix De Lace",
            "barrier": "1",
            "jockey": "Jason Brown",
            "jockey weight": "55",
            "trainer": "Jim Taylor",
            "indicative odds": 6.3
        }
    ]
}